﻿text_id,title,position,token,token_id,probability,log_probability
Text_28,Загородная прогулка,1,с,2247,0.0018501507584005594,-6.292488152184788
Text_28,Загородная прогулка,2,ения,18492,0.0005770181305706501,-7.457636869816997
Text_28,Загородная прогулка,3,Андр,137882,2.2879255993757397e-05,-10.68527990973675
Text_28,Загородная прогулка,4,е,1504,0.4576074481010437,-0.7817435626044202
Text_28,Загородная прогулка,5,ев,32642,0.05750516057014465,-2.855880586160043
Text_28,Загородная прогулка,6,на,14191,0.005612156819552183,-5.182820173520046
Text_28,Загородная прогулка,7,вы,20811,0.00011316104792058468,-9.086698551052535
Text_28,Загородная прогулка,8,шла,133302,0.028908569365739822,-3.54361720997081
Text_28,Загородная прогулка,9,из,23064,0.0357537716627121,-3.3310995143520814
Text_28,Загородная прогулка,10,элект,131228,0.00021926447516307235,-8.425231907623001
Text_28,Загородная прогулка,11,ри,30103,0.007312402129173279,-4.918183450558409
Text_28,Загородная прогулка,12,чки,136339,0.0011737439781427383,-6.747556657897784
Text_28,Загородная прогулка,13,",",11,0.09940479695796967,-2.3085549073495395
Text_28,Загородная прогулка,14,зап,29789,0.0020138707477599382,-6.207696663627049
Text_28,Загородная прогулка,15,ах,126202,0.009748278185725212,-4.630664605903226
Text_28,Загородная прогулка,16,ну,125467,0.0014517389936372638,-6.534993135185825
Text_28,Загородная прогулка,17,ла,30343,0.2301214188337326,-1.469148201380584
Text_28,Загородная прогулка,18,теп,127623,0.0002537091204430908,-8.279322142288656
Text_28,Загородная прогулка,19,л,3038,0.500758171081543,-0.6916319868827853
Text_28,Загородная прогулка,20,ый,34623,0.11112155765295029,-2.197130562879164
Text_28,Загородная прогулка,21,ш,54517,0.06318257749080658,-2.761726688447825
Text_28,Загородная прогулка,22,ар,17273,0.14116694033145905,-1.9578121149664462
Text_28,Загородная прогулка,23,ф,19355,0.0031639798544347286,-5.755924596216238
Text_28,Загородная прогулка,24,в,5805,0.03680663928389549,-3.3020770347568917
Text_28,Загородная прогулка,25,к,7665,0.010758426040410995,-4.5320660137204944
Text_28,Загородная прогулка,26,ур,55415,0.006304290145635605,-5.066524901845541
Text_28,Загородная прогулка,27,т,1792,0.040665723383426666,-3.202369718675518
Text_28,Загородная прогулка,28,ку,35252,0.0671505406498909,-2.7008183046694145
Text_28,Загородная прогулка,29,",",11,0.3541952967643738,-1.037906832195946
Text_28,Загородная прогулка,30,но,128330,0.028913548216223717,-3.5434449973053317
Text_28,Загородная прогулка,31,бер,141052,1.8007945982390083e-05,-10.924697454009495
Text_28,Загородная прогулка,32,ет,8178,0.04276872053742409,-3.151948272144625
Text_28,Загородная прогулка,33,над,126939,0.0006789706530980766,-7.294932652108288
Text_28,Загородная прогулка,34,ев,32642,0.007869036868214607,-4.844819604192509
Text_28,Загородная прогулка,35,ать,17998,0.05660298466682434,-2.8716935625339106
Text_28,Загородная прогулка,36,не,18658,0.012199915014207363,-4.406326293315766
Text_28,Загородная прогулка,37,стала,140325,0.0009361457778140903,-6.973739348085884
Text_28,Загородная прогулка,38,",",11,0.09161335974931717,-2.3901781691452815
Text_28,Загородная прогулка,39,в,5805,0.026593053713440895,-3.627105235889551
Text_28,Загородная прогулка,40,перв,139770,0.0039473832584917545,-5.53470238580142
Text_28,Загородная прогулка,41,ые,50636,0.996498703956604,-0.0035074399256135947
Text_28,Загородная прогулка,42,в,5805,0.14735794067382812,-1.914890681370372
Text_28,Загородная прогулка,43,этом,128649,0.028375016525387764,-3.5622462207882197
Text_28,Загородная прогулка,44,году,129257,0.11515301465988159,-2.161493472772586
Text_28,Загородная прогулка,45,под,39742,0.003705080831423402,-5.598050203623649
Text_28,Загородная прогулка,46,став,67274,0.0004002573259640485,-7.823402902784505
Text_28,Загородная прогулка,47,ив,26991,0.013457868248224258,-4.308191344112033
Text_28,Загородная прогулка,48,м,11310,0.012069735676050186,-4.417054143362681
Text_28,Загородная прогулка,49,арт,59388,0.001983709167689085,-6.222786869731043
Text_28,Загородная прогулка,50,у,3780,0.004060444422066212,-5.506462847796088
Text_28,Загородная прогулка,51,н,6709,0.0012162704952061176,-6.711966073460207
Text_28,Загородная прогулка,52,еп,66024,0.06183672696352005,-2.783257803601739
Text_28,Загородная прогулка,53,ок,14746,0.023235952481627464,-3.7620545238863285
Text_28,Загородная прогулка,54,ры,38003,0.024843307211995125,-3.6951668901997654
Text_28,Загородная прогулка,55,т,1792,0.6406394839286804,-0.4452884078515414
Text_28,Загородная прогулка,56,ую,33048,0.09997490048408508,-2.3028361196577514
Text_28,Загородная прогулка,57,голов,132169,0.010461748577654362,-4.56002966628059
Text_28,Загородная прогулка,58,у,3780,0.7816551923751831,-0.24634156614176653
Text_28,Загородная прогулка,59,.,13,0.2637712061405182,-1.3326731949954578
Text_28,Загородная прогулка,60,Без,139335,0.0011300810147076845,-6.785465954396232
Text_28,Загородная прогулка,61,ш,54517,0.0054822382517158985,-5.206241821317021
Text_28,Загородная прогулка,62,ап,19077,0.018745500594377518,-3.976801523662582
Text_28,Загородная прогулка,63,ки,16748,0.7854152321815491,-0.24154274285574345
Text_28,Загородная прогулка,64,все,43993,0.0019661670085042715,-6.231669312490569
Text_28,Загородная прогулка,65,ещё,134413,0.0016988756833598018,-6.377788609446299
Text_28,Загородная прогулка,66,немного,137967,0.0009038380812853575,-7.00886032723725
Text_28,Загородная прогулка,67,з,10885,0.010163025930523872,-4.588999053366231
Text_28,Загородная прогулка,68,я,4235,0.0007776492857374251,-7.159234924962617
Text_28,Загородная прогулка,69,б,9923,0.0025629496667534113,-5.966596470203725
Text_28,Загородная прогулка,70,ко,47099,0.00048302533105015755,-7.635441460448483
Text_28,Загородная прогулка,71,",",11,0.23843707144260406,-1.433649854862338
Text_28,Загородная прогулка,72,но,128330,0.24748766422271729,-1.3963945397398967
Text_28,Загородная прогулка,73,",",11,0.023689232766628265,-3.74273464771714
Text_28,Загородная прогулка,74,с,5409,0.018929902464151382,-3.967012466222601
Text_28,Загородная прогулка,75,другой,135361,0.031725458800792694,-3.45063580368034
Text_28,Загородная прогулка,76,стороны,133419,0.9949658513069153,-0.005046862707056571
Text_28,Загородная прогулка,77,",",11,0.9847254157066345,-0.01539244245251722
Text_28,Загородная прогулка,78,св,44816,0.0015791129553690553,-6.450892010251343
Text_28,Загородная прогулка,79,еж,49336,0.16375891864299774,-1.8093599409545338
Text_28,Загородная прогулка,80,о,1456,0.01652549020946026,-4.10285122896666
Text_28,Загородная прогулка,81,и,7587,0.03155311569571495,-3.4560829406484483
Text_28,Загородная прогулка,82,б,14062,0.004386789631098509,-5.429157610740513
Text_28,Загородная прогулка,83,од,9516,0.0052130394615232944,-5.256592203394915
Text_28,Загородная прогулка,84,рит,126098,0.002532243262976408,-5.978649703890034
Text_28,Загородная прогулка,85,.,13,0.03013554960489273,-3.5020497541217632
Text_28,Загородная прогулка,86,Она,135432,0.00950208306312561,-4.656244234609056
Text_28,Загородная прогулка,87,люб,125389,0.002456012647598982,-6.009216119036648
Text_28,Загородная прогулка,88,ила,126463,0.060830920934677124,-2.7996570512823364
Text_28,Загородная прогулка,89,по,17686,0.01606241799890995,-4.131273021465958
Text_28,Загородная прогулка,90,выход,132399,0.00026331309345550835,-8.242166764420759
Text_28,Загородная прогулка,91,ным,125439,0.04399925470352173,-3.123582583763659
Text_28,Загородная прогулка,92,выб,62129,0.000266305694822222,-8.230865680385353
Text_28,Загородная прогулка,93,ир,77646,0.151475191116333,-1.8873334224497313
Text_28,Загородная прогулка,94,аться,97681,0.03551333025097847,-3.337847152955696
Text_28,Загородная прогулка,95,из,23064,0.005111922975629568,-5.276179629385525
Text_28,Загородная прогулка,96,ц,38133,0.00866579171270132,-4.748371990951958
Text_28,Загородная прогулка,97,ент,18673,0.2856011390686035,-1.2531590601892146
Text_28,Загородная прогулка,98,ра,22127,0.6164206266403198,-0.483825713019609
Text_28,Загородная прогулка,99,и,7587,0.03584540635347366,-3.3285398553355416
Text_28,Загородная прогулка,100,ш,54517,0.0030753351747989655,-5.784341383729094
Text_28,Загородная прогулка,101,ат,7972,0.012127944268286228,-4.412243045385702
Text_28,Загородная прогулка,102,аться,97681,0.03071138821542263,-3.4831217415321047
Text_28,Загородная прогулка,103,по,17686,0.14135175943374634,-1.956503747564177
Text_28,Загородная прогулка,104,при,36305,0.0019871550612151623,-6.221051280603622
Text_28,Загородная прогулка,105,город,134992,0.005328947678208351,-5.234601494029006
Text_28,Загородная прогулка,106,ным,125439,0.4330543875694275,-0.8368919524715636
Text_28,Загородная прогулка,107,у,13932,0.0840655118227005,-2.4761588814536672
Text_28,Загородная прогулка,108,лиц,66122,0.9695068001747131,-0.030967790219116293
Text_28,Загородная прогулка,109,ам,23763,0.9678736329078674,-0.03265374474390297
Text_28,Загородная прогулка,110,.,13,0.30324921011924744,-1.1932003358794327
Text_28,Загородная прогулка,111,Д,38803,0.009888139553368092,-4.616419264959428
Text_28,Загородная прогулка,112,руг,64389,0.052160631865262985,-2.9534272474558443
Text_28,Загородная прогулка,113,ие,49206,0.22118687629699707,-1.5087473406736056
Text_28,Загородная прогулка,114,люб,125389,0.0023894994519650936,-6.036671369297377
Text_28,Загородная прогулка,115,ят,89197,0.5293940305709839,-0.6360222650914247
Text_28,Загородная прогулка,116,на,13073,0.012816833332180977,-4.356995867971883
Text_28,Загородная прогулка,117,при,36305,0.002449797699227929,-6.011749829578438
Text_28,Загородная прогулка,118,род,126284,0.8923474550247192,-0.11389969867642567
Text_28,Загородная прогулка,119,у,3780,0.12730742990970612,-2.0611504097668525
Text_28,Загородная прогулка,120,",",11,0.49531540274620056,-0.7025605420596396
Text_28,Загородная прогулка,121,на,13073,0.02943873405456543,-3.525443986909971
Text_28,Загородная прогулка,122,д,7796,0.004712102003395557,-5.357621185287455
Text_28,Загородная прогулка,123,ач,49123,0.0076756286434829235,-4.869705080917491
Text_28,Загородная прогулка,124,у,3780,0.09030428528785706,-2.4045703635627556
Text_28,Загородная прогулка,125,–,1365,0.0006752706249244511,-7.300397021627021
Text_28,Загородная прогулка,126,где,129162,0.0034312906209379435,-5.674818814251789
Text_28,Загородная прогулка,127,нет,76638,0.014033859595656395,-4.266282326786923
Text_28,Загородная прогулка,128,людей,131007,0.0049666427075862885,-5.305011178686383
Text_28,Загородная прогулка,129,",",11,0.3235216736793518,-1.1284891698221913
Text_28,Загородная прогулка,130,где,129162,0.2520515024662018,-1.3781218374865314
Text_28,Загородная прогулка,131,можно,90298,0.014595143496990204,-4.22706644279632
Text_28,Загородная прогулка,132,п,5063,0.05123867839574814,-2.9712605947189403
Text_28,Загородная прогулка,133,обы,50873,0.0006012465455569327,-7.416505481996263
Text_28,Загородная прогулка,134,ть,28793,0.7868680357933044,-0.23969472468394032
Text_28,Загородная прогулка,135,на,13073,0.048129040747880936,-3.033869526306603
Text_28,Загородная прогулка,136,един,127082,0.0001137251456384547,-9.081726023889509
Text_28,Загородная прогулка,137,е,1504,0.06751947849988937,-2.695339152363342
Text_28,Загородная прогулка,138,с,5409,0.11476819962263107,-2.1648408402416397
Text_28,Загородная прогулка,139,собой,133104,0.021336907520890236,-3.8473169582821103
Text_28,Загородная прогулка,140,",",11,0.20441851019859314,-1.5875858660512474
Text_28,Загородная прогулка,141,а,20396,0.043976400047540665,-3.124102151513621
Text_28,Загородная прогулка,142,К,35379,0.00044497381895780563,-7.717495111331494
Text_28,Загородная прогулка,143,с,2247,0.9358734488487244,-0.06627501586690802
Text_28,Загородная прогулка,144,ения,18492,0.918783962726593,-0.08470426290529856
Text_28,Загородная прогулка,145,люб,125389,0.21180406212806702,-1.5520936669238319
Text_28,Загородная прогулка,146,ила,126463,0.010133481584489346,-4.591910329296798
Text_28,Загородная прогулка,147,п,5063,0.05285969004034996,-2.9401142336077117
Text_28,Загородная прогулка,148,обы,50873,0.0055684796534478664,-5.190633215003671
Text_28,Загородная прогулка,149,ть,28793,0.8583014011383057,-0.15279995780175631
Text_28,Загородная прогулка,150,на,13073,0.3416931927204132,-1.0738420418608743
Text_28,Загородная прогулка,151,един,127082,0.00027906644390895963,-8.184060654284844
Text_28,Загородная прогулка,152,е,1504,0.8905385732650757,-0.11592886077833639
Text_28,Загородная прогулка,153,с,5409,0.6613060235977173,-0.4135385756212182
Text_28,Загородная прогулка,154,собой,133104,0.03193223476409912,-3.4441392852245105
Text_28,Загородная прогулка,155,среди,134987,0.0019093210576102138,-6.26100756733683
Text_28,Загородная прогулка,156,об,21229,0.002399420365691185,-6.032528085092851
Text_28,Загородная прогулка,157,ж,16964,0.007828235626220703,-4.850018129464333
Text_28,Загородная прогулка,158,ит,9358,0.024080298840999603,-3.7263612482780095
Text_28,Загородная прогулка,159,ой,16339,0.0006104176281951368,-7.401367198668023
Text_28,Загородная прогулка,160,за,43846,0.0045173512771725655,-5.399829457529009
Text_28,Загородная прогулка,161,строй,76811,0.0004894805024378002,-7.62216592837475
Text_28,Загородная прогулка,162,ки,16748,0.4128418266773224,-0.8846907456325268
Text_28,Загородная прогулка,163,.,13,0.4062969386577606,-0.9006710107011623
Text_28,Загородная прогулка,164,Вы,71631,0.006649385672062635,-5.013230808722639
Text_28,Загородная прогулка,165,б,9923,0.0071308789774775505,-4.943320773405528
Text_28,Загородная прогулка,166,рав,26988,0.060499612241983414,-2.805118323189295
Text_28,Загородная прогулка,167,стан,128130,0.0002872208715416491,-8.155259050931944
Text_28,Загородная прогулка,168,цион,125305,0.00022012249974068254,-8.421326349573876
Text_28,Загородная прогулка,169,ное,47050,0.0872398167848587,-2.4390944377786226
Text_28,Загородная прогулка,170,кафе,143987,0.001224215840920806,-6.705454769816609
Text_28,Загородная прогулка,171,поп,133049,9.222081280313432e-05,-9.291324717484214
Text_28,Загородная прогулка,172,ри,30103,0.008309907279908657,-4.790306827829415
Text_28,Загородная прогулка,173,лич,90116,0.0001481286744819954,-8.817429239753054
Text_28,Загородная прогулка,174,нее,126539,0.00945222657173872,-4.661504949172582
Text_28,Загородная прогулка,175,",",11,0.21628069877624512,-1.5311781835865304
Text_28,Загородная прогулка,176,перед,77657,2.9139606340322644e-05,-10.443412266543008
Text_28,Загородная прогулка,177,м,11310,0.0016384648624807596,-6.413995534986227
Text_28,Загородная прогулка,178,ор,9062,0.12153585255146027,-2.1075459770018115
Text_28,Загородная прогулка,179,оз,19645,0.10300444811582565,-2.272983106094432
Text_28,Загородная прогулка,180,ной,38888,0.01113902311772108,-4.497300739735559
Text_28,Загородная прогулка,181,прог,141079,0.001002809382043779,-6.904949835876495
Text_28,Загородная прогулка,182,ул,129335,0.8676936626434326,-0.1419165498356956
Text_28,Загородная прогулка,183,кой,128588,0.9535417556762695,-0.04757206289602738
Text_28,Загородная прогулка,184,она,129171,0.011213541030883789,-4.490633210343334
Text_28,Загородная прогулка,185,поп,133049,0.03526916727423668,-3.344746145043046
Text_28,Загородная прогулка,186,рос,40957,0.27815964818000793,-1.2795600560949216
Text_28,Загородная прогулка,187,ила,126463,0.9541991353034973,-0.04688289210102591
Text_28,Загородная прогулка,188,ко,87415,0.0016232768539339304,-6.423308423398837
Text_28,Загородная прогулка,189,фе,126678,0.12305139750242233,-2.0951531450179974
Text_28,Загородная прогулка,190,и,7587,0.14075295627117157,-1.9607490084800945
Text_28,Загородная прогулка,191,х,44558,0.003998943138867617,-5.521725168056349
Text_28,Загородная прогулка,192,ру,19763,0.0014823420206084847,-6.514131995597944
Text_28,Загородная прогулка,193,ст,6597,0.37842535972595215,-0.9717364257467838
Text_28,Загородная прогулка,194,ящ,126759,0.020742138847708702,-3.875587954800325
Text_28,Загородная прогулка,195,ую,33048,0.13669630885124207,-1.989993537436525
Text_28,Загородная прогулка,196,б,14062,0.05101706460118294,-2.9755951022007205
Text_28,Загородная прогулка,197,ул,129335,0.0059330519288778305,-5.127216539194157
Text_28,Загородная прогулка,198,ку,35252,0.04300612583756447,-3.146412712096519
Text_28,Загородная прогулка,199,.,13,0.3623463809490204,-1.015154671198484
Text_28,Загородная прогулка,200,Пос,131374,0.007829106412827969,-4.849906899013342
Text_28,Загородная прогулка,201,л,3038,0.33869415521621704,-1.0826577758286615
Text_28,Загородная прогулка,202,ед,13103,0.992985188961029,-0.007039530495301499
Text_28,Загородная прогулка,203,ней,126362,0.024921108037233353,-3.6920401222779597
Text_28,Загородная прогулка,204,",",11,0.03553906828165054,-3.3371226726473777
Text_28,Загородная прогулка,205,в,5805,0.03597048670053482,-3.325056490631231
Text_28,Загородная прогулка,206,пр,124436,0.0014694577548652887,-6.52286182048363
Text_28,Загородная прогулка,207,оч,37338,0.719221830368042,-0.32958544260346306
Text_28,Загородная прогулка,208,ем,10090,0.9483855962753296,-0.05299411230042801
Text_28,Загородная прогулка,209,",",11,0.9799806475639343,-0.02022245489624208
Text_28,Загородная прогулка,210,здесь,131337,0.00018889614148065448,-8.574313209919243
Text_28,Загородная прогулка,211,не,18658,0.07102303951978683,-2.644750954300962
Text_28,Загородная прогулка,212,о,8215,0.017401007935404778,-4.051227147117262
Text_28,Загородная прогулка,213,казалось,143174,0.004382353741675615,-5.430169314988621
Text_28,Загородная прогулка,214,;,26,0.001755552482791245,-6.344971666595751
Text_28,Загородная прогулка,215,у,13932,0.04347322881221771,-3.1356099599462226
Text_28,Загородная прогулка,216,стал,130856,0.0021704980172216892,-6.13279863673728
Text_28,Загородная прогулка,217,ая,35397,0.015524879097938538,-4.165311438765315
Text_28,Загородная прогулка,218,прод,88615,0.00029256707057356834,-8.136816616471627
Text_28,Загородная прогулка,219,ав,17753,0.11864913254976273,-2.1315846071278255
Text_28,Загородная прогулка,220,щи,129195,0.028662897646427155,-3.552151757490872
Text_28,Загородная прогулка,221,ца,86894,0.8768123984336853,-0.13146222233899524
Text_28,Загородная прогулка,222,пред,56825,0.006953987758606672,-4.96844000573643
Text_28,Загородная прогулка,223,лож,81841,0.2981153130531311,-1.2102749107709807
Text_28,Загородная прогулка,224,ила,126463,0.9155480265617371,-0.08823245686422997
Text_28,Загородная прогулка,225,под,39742,0.009660436771810055,-4.639716417306763
Text_28,Загородная прогулка,226,ог,14497,0.0018726370763033628,-6.280407640283834
Text_28,Загородная прогулка,227,р,2184,0.01751960813999176,-4.044434560162851
Text_28,Загородная прогулка,228,еть,125274,0.1223427802324295,-2.100928499968773
Text_28,Загородная прогулка,229,в,5805,0.18578891456127167,-1.6831441176693438
Text_28,Загородная прогулка,230,мик,135189,0.00017946481239050627,-8.625531400503238
Text_28,Загородная прогулка,231,ров,23862,0.053980641067028046,-2.919129795452645
Text_28,Загородная прогулка,232,олн,46580,0.1969318836927414,-1.6248973780928566
Text_28,Загородная прогулка,233,ов,6715,0.5375432372093201,-0.6207460808958835
Text_28,Загородная прогулка,234,ке,52571,0.0013810861855745316,-6.584884998410663
Text_28,Загородная прогулка,235,как,51670,0.0034467808436602354,-5.670314572331341
Text_28,Загородная прогулка,236,ую,33048,0.0010157607030123472,-6.8921174860982015
Text_28,Загородная прогулка,237,-,12,0.7972826957702637,-0.2265459632458189
Text_28,Загородная прогулка,238,то,24634,0.7172860503196716,-0.33228056352293
Text_28,Загородная прогулка,239,под,39742,0.013990356586873531,-4.2693870019324
Text_28,Загородная прогулка,240,оз,19645,0.011781873181462288,-4.441193099693559
Text_28,Загородная прогулка,241,р,2184,0.8224630951881409,-0.19545166642142617
Text_28,Загородная прогулка,242,итель,54908,0.9435288906097412,-0.05812829396428444
Text_28,Загородная прогулка,243,ного,38800,0.002027888549491763,-6.200760150635241
Text_28,Загородная прогулка,244,в,5805,0.01969444938004017,-3.9274184402976235
Text_28,Загородная прогулка,245,и,1802,0.049398113042116165,-3.0078430530458173
Text_28,Загородная прогулка,246,да,39490,0.935073733329773,-0.06712989362644368
Text_28,Загородная прогулка,247,с,5409,0.02284673973917961,-3.7789468528205297
Text_28,Загородная прогулка,248,доб,132685,3.7434714613482356e-05,-10.192912085831926
Text_28,Загородная прогулка,249,у,3780,0.00013850824325345457,-8.884580716032527
Text_28,Загородная прогулка,250,",",11,0.05489301681518555,-2.902369136823239
Text_28,Загородная прогулка,251,но,128330,0.253793329000473,-1.3712350085213942
Text_28,Загородная прогулка,252,нет,76638,0.000684556900523603,-7.286738789556084
Text_28,Загородная прогулка,253,",",11,0.19867315888404846,-1.6160942221722894
Text_28,Загородная прогулка,254,сп,83614,0.002581286244094372,-5.959467460057869
Text_28,Загородная прогулка,255,ас,17953,0.14858919382095337,-1.90656986925553
Text_28,Загородная прогулка,256,и,1802,0.36421874165534973,-1.010000653223101
Text_28,Загородная прогулка,257,бо,126394,0.8901041746139526,-0.11641677297774658
Text_28,Загородная прогулка,258,…,1940,0.0005635753623209894,-7.4812094937267295
Text_28,Загородная прогулка,259,В,22933,0.04813045635819435,-3.033840113929516
Text_28,Загородная прогулка,260,такие,132842,3.88100634154398e-05,-10.156830978587376
Text_28,Загородная прогулка,261,«,12486,0.0003071771061513573,-8.08808608371471
Text_28,Загородная прогулка,262,по,128364,0.0025492387358099222,-5.97196049935874
Text_28,Загородная прогулка,263,ход,30001,0.09822637587785721,-2.320480506225615
Text_28,Загородная прогулка,264,ы,4552,0.5280906558036804,-0.6384873134161699
Text_28,Загородная прогулка,265,»,12992,0.6741003394126892,-0.39437630761791703
Text_28,Загородная прогулка,266,К,35379,0.060897327959537506,-2.7985659810985233
Text_28,Загородная прогулка,267,с,2247,0.9742644429206848,-0.026072510217636933
Text_28,Загородная прогулка,268,ю,11916,0.00013366813072934747,-8.920150466298411
Text_28,Загородная прогулка,269,ша,128805,0.003118334338068962,-5.770456285721479
Text_28,Загородная прогулка,270,обычно,135927,0.01622687093913555,-4.12108671092062
Text_28,Загородная прогулка,271,над,126939,0.0005414225161075592,-7.521310592975864
Text_28,Загородная прогулка,272,ев,32642,0.3392282724380493,-1.0810820281898135
Text_28,Загородная прогулка,273,ала,95965,0.08191720396280289,-2.502046249586867
Text_28,Загородная прогулка,274,р,18108,0.005366988945752382,-5.227488245459329
Text_28,Загородная прогулка,275,ез,31885,0.05293005332350731,-2.938783985678263
Text_28,Загородная прогулка,276,ин,18943,0.06810913980007172,-2.6866438633774243
Text_28,Загородная прогулка,277,овые,129377,0.059171393513679504,-2.8273170715537943
Text_28,Загородная прогулка,278,с,5409,0.018207397311925888,-4.005927321765857
Text_28,Загородная прогулка,279,ап,19077,0.022721342742443085,-3.7844505872961367
Text_28,Загородная прогулка,280,ож,21259,0.0008731007692404091,-7.043459580102878
Text_28,Загородная прогулка,281,ки,16748,0.29428499937057495,-1.2232065955800635
Text_28,Загородная прогулка,282,",",11,0.5107228755950928,-0.6719281537037511
Text_28,Загородная прогулка,283,чтобы,81150,0.012118831276893616,-4.412994732289779
Text_28,Загородная прогулка,284,см,126762,0.0041853697039186954,-5.476160238699052
Text_28,Загородная прогулка,285,ело,132339,0.023725250735878944,-3.741215366117167
Text_28,Загородная прогулка,286,и,7587,0.03140115365386009,-3.460910646174055
Text_28,Загородная прогулка,287,пр,12281,0.004688721150159836,-5.362595409578877
Text_28,Загородная прогулка,288,ям,129533,0.01732851006090641,-4.055402153508846
Text_28,Загородная прогулка,289,ол,7819,0.010297338478267193,-4.575869817305857
Text_28,Загородная прогулка,290,ин,18943,0.6719727516174316,-0.3975374874694333
Text_28,Загородная прогулка,291,ей,21032,0.051191095262765884,-2.9721896827117287
Text_28,Загородная прогулка,292,но,13685,0.8595596551895142,-0.15133504971552109
Text_28,Загородная прогулка,293,ст,18362,0.009806208312511444,-4.6247395926061605
Text_28,Загородная прогулка,294,уп,48807,0.018094349652528763,-4.012155563340208
Text_28,Загородная прогулка,295,ать,17998,0.08087289333343506,-2.514876574927726
Text_28,Загородная прогулка,296,по,17686,0.07730044424533844,-2.560055576376317
Text_28,Загородная прогулка,297,без,91357,0.0005462415865622461,-7.512449213847467
Text_28,Загородная прогулка,298,дорож,136386,3.0799910746281967e-05,-10.387998765836933
Text_28,Загородная прогулка,299,ью,87952,0.004065889865159988,-5.505122650920999
Text_28,Загородная прогулка,300,",",11,0.18735088407993317,-1.674772034885503
Text_28,Загородная прогулка,301,не,18658,0.029451897367835045,-3.5249969442082407
Text_28,Загородная прогулка,302,об,21229,0.0029216634575277567,-5.83560214767089
Text_28,Загородная прогулка,303,ход,30001,0.025469135493040085,-3.6702879327325015
Text_28,Загородная прогулка,304,я,4235,0.135279580950737,-2.000411672040482
Text_28,Загородная прогулка,305,в,5805,0.035653263330459595,-3.333914598289874
Text_28,Загородная прогулка,306,рас,125286,0.000788091856520623,-7.1458959057114475
Text_28,Загородная прогулка,307,кор,130785,0.00012870012142229825,-8.958025499910438
Text_28,Загородная прогулка,308,я,4235,0.0631394162774086,-2.762410040788776
Text_28,Загородная прогулка,309,ку,35252,0.0017746023368090391,-6.3341789167550235
Text_28,Загородная прогулка,310,л,25460,0.0022186844144016504,-6.110840864883743
Text_28,Загородная прогулка,311,уж,55899,0.0033427684102207422,-5.700955949977152
Text_28,Загородная прогулка,312,и,1802,0.0715448409318924,-2.6374308799553896
Text_28,Загородная прогулка,313,и,7587,0.014963041059672832,-4.202172047704366
Text_28,Загородная прогулка,314,гр,140911,0.005612014327198267,-5.182845563787543
Text_28,Загородная прогулка,315,яз,62984,0.7096783518791199,-0.3429434371162066
Text_28,Загородная прогулка,316,ь,4824,0.16057994961738586,-1.8289633319796286
Text_28,Загородная прогулка,317,…,1940,0.0037031748797744513,-5.598564751653659
Text_28,Загородная прогулка,318,Так,125658,0.01150528620928526,-4.464948678856363
Text_28,Загородная прогулка,319,она,129171,0.006858660839498043,-4.982243069202021
Text_28,Загородная прогулка,320,проб,126963,0.0011650362284854054,-6.755003095035622
Text_28,Загородная прогулка,321,ол,7819,0.00039952166844159365,-7.825242555326208
Text_28,Загородная прогулка,322,тал,126801,0.002974612871184945,-5.817641375784631
Text_28,Загородная прогулка,323,ас,17953,0.05836256593465805,-2.8410805889421678
Text_28,Загородная прогулка,324,ь,4824,0.9449664354324341,-0.056605870180091875
Text_28,Загородная прогулка,325,по,17686,0.01374299917370081,-4.28722573553452
Text_28,Загородная прогулка,326,св,44816,0.0007657517562620342,-7.174652518735202
Text_28,Загородная прогулка,327,еж,49336,0.44290289282798767,-0.8144047365141713
Text_28,Загородная прогулка,328,ем,10090,0.32706931233406067,-1.1175831662218025
Text_28,Загородная прогулка,329,у,3780,0.24417759478092194,-1.4098594709786465
Text_28,Загородная прогулка,330,воздух,137460,0.08164959400892258,-2.5053184319121025
Text_28,Загородная прогулка,331,у,3780,0.9957315325737,-0.004277603340220652
Text_28,Загородная прогулка,332,два,130876,4.443971556611359e-05,-10.021376993615812
Text_28,Загородная прогулка,333,с,5409,0.007204629480838776,-4.933031476135589
Text_28,Загородная прогулка,334,половин,141558,0.006445182953029871,-5.044422256177768
Text_28,Загородная прогулка,335,ой,16339,0.9118075966835022,-0.09232627971359181
Text_28,Загородная прогулка,336,часа,141031,0.163931205868721,-1.8083084155730174
Text_28,Загородная прогулка,337,",",11,0.3740716278553009,-0.9833079815752176
Text_28,Загородная прогулка,338,ни,126491,0.0009370261686854064,-6.972799347956384
Text_28,Загородная прогулка,339,ку,35252,0.01134131196886301,-4.479303293471291
Text_28,Загородная прогулка,340,да,39490,0.9786600470542908,-0.021570941847819314
Text_28,Загородная прогулка,341,не,18658,0.8335129022598267,-0.18210609729522756
Text_28,Загородная прогулка,342,за,43846,0.0021289053838700056,-6.152147335641251
Text_28,Загородная прогулка,343,ход,30001,0.15060269832611084,-1.8931100466048036
Text_28,Загородная прогулка,344,я,4235,0.05403943732380867,-2.9180411781610625
Text_28,Загородная прогулка,345,и,7587,0.039407726377248764,-3.233793380958126
Text_28,Загородная прогулка,346,ничего,134010,0.0033977332059293985,-5.684646773844469
Text_28,Загородная прогулка,347,не,18658,0.8745130300521851,-0.1340880846319856
Text_28,Загородная прогулка,348,по,17686,0.02386828325688839,-3.7352047617503388
Text_28,Загородная прогулка,349,с,2247,0.04707574471831322,-3.0559973847379625
Text_28,Загородная прогулка,350,ещ,85510,0.1794070601463318,-1.7180979759159019
Text_28,Загородная прогулка,351,ая,35397,0.11934743821620941,-2.125716390891765
Text_28,Загородная прогулка,352,.,13,0.43420618772506714,-0.8342357707756762
Text_28,Загородная прогулка,353,Раз,127088,0.0027288494165986776,-5.90387521774549
Text_28,Загородная прогулка,354,гляд,127858,0.0011963127180933952,-6.728511187653259
Text_28,Загородная прогулка,355,ыв,34567,0.5756939649581909,-0.5521790703183371
Text_28,Загородная прогулка,356,ала,95965,0.08446313440799713,-2.4714401190117665
Text_28,Загородная прогулка,357,дома,130174,0.0014318140456452966,-6.548813075268704
Text_28,Загородная прогулка,358,-,481,0.0016113943420350552,-6.430655423838057
Text_28,Загородная прогулка,359,соврем,131662,0.00025763228768482804,-8.263977231197114
Text_28,Загородная прогулка,360,енные,127163,0.24042882025241852,-1.4253311989292181
Text_28,Загородная прогулка,361,и,7587,0.03694414347410202,-3.2983481428212906
Text_28,Загородная прогулка,362,стар,129511,0.003531576367095113,-5.646010944800014
Text_28,Загородная прогулка,363,ые,50636,0.8223720788955688,-0.1955623356168556
Text_28,Загородная прогулка,364,в,5805,0.01073527056723833,-4.534220643754916
Text_28,Загородная прогулка,365,пер,124818,0.00013588271394837648,-8.903718441745236
Text_28,Загородная прогулка,366,ем,10090,0.010784868150949478,-4.529611224440644
Text_28,Загородная прогулка,367,еш,45967,0.03746802732348442,-3.2842673143869754
Text_28,Загородная прогулка,368,ку,35252,0.0017241842579096556,-6.363001234313845
Text_28,Загородная прогулка,369,–,1365,0.0015733585460111499,-6.454542743174095
Text_28,Загородная прогулка,370,лица,135279,8.029351738514379e-05,-9.429821670218791
Text_28,Загородная прогулка,371,про,40191,0.0006726488354615867,-7.304287154303697
Text_28,Загородная прогулка,372,хож,132114,0.03671083599328995,-3.3046833088291256
Text_28,Загородная прогулка,373,их,66645,0.2708747982978821,-1.306098563757614
Text_28,Загородная прогулка,374,-,481,0.00047970039304345846,-7.642348830103957
Text_28,Загородная прогулка,375,красив,135329,0.002398323966190219,-6.0329851330071245
Text_28,Загородная прогулка,376,ые,50636,0.7453355193138123,-0.29392080048982766
Text_28,Загородная прогулка,377,и,7587,0.16101419925689697,-1.8262627237443316
Text_28,Загородная прогулка,378,так,49845,0.0008062421111389995,-7.123126474535961
Text_28,Загородная прогулка,379,себе,130688,0.000512429978698492,-7.576346483215792
Text_28,Загородная прогулка,380,.,13,0.09593705087900162,-2.3440630226030925
Text_28,Загородная прогулка,381,К,35379,0.03824591636657715,-3.2637184860671375
Text_28,Загородная прогулка,382,то,24634,0.0013741860166192055,-6.589893711070937
Text_28,Загородная прогулка,383,знает,140131,0.006021295208483934,-5.112452891892093
Text_28,Загородная прогулка,384,",",11,0.7460926175117493,-0.29290553432409605
Text_28,Загородная прогулка,385,о,8215,0.0042510745115578175,-5.460583501752083
Text_28,Загородная прогулка,386,ч,17307,0.07732351869344711,-2.5597571174849345
Text_28,Загородная прогулка,387,ём,131680,0.87946617603302,-0.1284401737214096
Text_28,Загородная прогулка,388,она,129171,0.16176830232143402,-1.821590200092374
Text_28,Загородная прогулка,389,д,7796,0.06469555199146271,-2.738062828038506
Text_28,Загородная прогулка,390,ум,39111,0.6808626651763916,-0.38439465957767716
Text_28,Загородная прогулка,391,ала,95965,0.469623327255249,-0.7558243369676528
Text_28,Загородная прогулка,392,",",11,0.22059784829616547,-1.5114139260808144
Text_28,Загородная прогулка,393,-,481,0.002241221722215414,-6.100734150094782
Text_28,Загородная прогулка,394,о,8215,0.01135958731174469,-4.477693194540505
Text_28,Загородная прогулка,395,ч,17307,0.03674466907978058,-3.3037621228989633
Text_28,Загородная прогулка,396,ём,131680,0.9731810092926025,-0.02718518193702054
Text_28,Загородная прогулка,397,-,12,0.0013726537581533194,-6.5910093630568225
Text_28,Загородная прогулка,398,то,24634,0.9391652345657349,-0.06276384660093687
Text_28,Загородная прогулка,399,раз,38379,0.002725764876231551,-5.905006201727244
Text_28,Загородная прогулка,400,мыш,141632,0.011489481665194035,-4.466323299958534
Text_28,Загородная прогулка,401,ля,13695,0.7975558638572693,-0.22620339805258607
Text_28,Загородная прогулка,402,ла,30343,0.7102559804916382,-0.3421298380205118
Text_28,Загородная прогулка,403,…,1940,0.01113054994493723,-4.498061703869796
