﻿text_id,title,position,token,token_id,probability,log_probability
Text_22,Неудачное свидание,1,ар,17273,0.012372499331831932,-4.392279065142524
Text_22,Неудачное свидание,2,ко,47099,0.0032330993562936783,-5.7343140487921955
Text_22,Неудачное свидание,3,С,27499,0.05428513512015343,-2.9135048442132105
Text_22,Неудачное свидание,4,тан,131911,0.005741410423070192,-5.160050380529548
Text_22,Неудачное свидание,5,ков,89777,0.2739607095718384,-1.2947705785994341
Text_22,Неудачное свидание,6,ич,32982,0.07631810009479523,-2.5728451460880866
Text_22,Неудачное свидание,7,сл,34775,0.00019221102411393076,-8.556916705560313
Text_22,Неудачное свидание,8,ы,4552,0.002729753963649273,-5.903543797052003
Text_22,Неудачное свидание,9,л,3038,0.06778156012296677,-2.6914650956150936
Text_22,Неудачное свидание,10,эконом,138361,6.465984915848821e-05,-9.646370118510905
Text_22,Неудачное свидание,11,ным,125439,8.322796929860488e-05,-9.393927097175016
Text_22,Неудачное свидание,12,человек,126635,0.014399068430066109,-4.240591766849343
Text_22,Неудачное свидание,13,ом,12228,0.9505934715270996,-0.05066878256502877
Text_22,Неудачное свидание,14,",",11,0.2554994821548462,-1.3645348961316406
Text_22,Неудачное свидание,15,поэтому,131603,0.00638258783146739,-5.054181647647999
Text_22,Неудачное свидание,16,и,7587,0.0043661221861839294,-5.433880035404495
Text_22,Неудачное свидание,17,так,49845,0.006387276109308004,-5.0534473754469795
Text_22,Неудачное свидание,18,си,124662,0.00020266108913347125,-8.503975485767922
Text_22,Неудачное свидание,19,заказ,86905,9.29099041968584e-05,-9.283880306450769
Text_22,Неудачное свидание,20,ал,15952,0.2061767280101776,-1.5790215750189387
Text_22,Неудачное свидание,21,эконом,138361,0.00034180196234956384,-7.981279046077603
Text_22,Неудачное свидание,22,-,12,0.0007056663744151592,-7.256367989647119
Text_22,Неудачное свидание,23,класс,140640,0.007699272595345974,-4.866629422721781
Text_22,Неудачное свидание,24,а,1478,0.03908926248550415,-3.241907466443923
Text_22,Неудачное свидание,25,",",11,0.1653880476951599,-1.7994607620316982
Text_22,Неудачное свидание,26,и,7587,0.07097159326076508,-2.64547557691895
Text_22,Неудачное свидание,27,по,17686,0.03137396648526192,-3.4617768227815295
Text_22,Неудачное свидание,28,плат,127026,1.5763625924591906e-05,-11.057805428639542
Text_22,Неудачное свидание,29,ной,38888,0.01555425301194191,-4.16342117216161
Text_22,Неудачное свидание,30,дорог,131488,0.0012892234371975064,-6.653715228543881
Text_22,Неудачное свидание,31,е,1504,0.7231217622756958,-0.32417765845034474
Text_22,Неудачное свидание,32,е,22132,0.0031769173219799995,-5.75184394796162
Text_22,Неудачное свидание,33,х,10474,0.028985699638724327,-3.540952686523353
Text_22,Неудачное свидание,34,ать,17998,0.010872527956962585,-4.521516042149492
Text_22,Неудачное свидание,35,от,20264,0.0031516326125711203,-5.759834670705197
Text_22,Неудачное свидание,36,казал,126031,6.573463178938255e-05,-9.629884651270771
Text_22,Неудачное свидание,37,ся,20562,0.9861587882041931,-0.013937894542060576
Text_22,Неудачное свидание,38,",",11,0.20701952278614044,-1.5749421771874332
Text_22,Неудачное свидание,39,и,7587,0.1039244681596756,-2.264090911396337
Text_22,Неудачное свидание,40,ча,125948,2.0748864244524157e-06,-13.085604140983294
Text_22,Неудачное свидание,41,евых,139882,0.0002934152144007385,-8.133921838109936
Text_22,Неудачное свидание,42,так,49845,0.0008022764814086258,-7.128057269595905
Text_22,Неудачное свидание,43,с,2247,0.014777759090065956,-4.214631992679405
Text_22,Неудачное свидание,44,ист,34011,0.028995398432016373,-3.54061813634389
Text_22,Неудачное свидание,45,у,3780,0.03625322878360748,-3.3172268317553204
Text_22,Неудачное свидание,46,не,18658,0.07024997472763062,-2.655695330517377
Text_22,Неудачное свидание,47,о,8215,0.009036966599524021,-4.706431714038605
Text_22,Неудачное свидание,48,ставил,138232,0.020825359970331192,-3.87158380558853
Text_22,Неудачное свидание,49,.,13,0.04664375260472298,-3.065216281241663
Text_22,Неудачное свидание,50,Буд,141920,0.0008913998026400805,-7.022717518856285
Text_22,Неудачное свидание,51,ь,4824,0.3909094035625458,-0.9392794502880101
Text_22,Неудачное свидание,52,его,72285,0.008771377615630627,-4.7362614021941525
Text_22,Неудачное свидание,53,в,5805,0.05341624096035957,-2.929640441422075
Text_22,Неудачное свидание,54,оля,95385,0.00013092346489429474,-8.940897642944455
Text_22,Неудачное свидание,55,",",11,0.3198188841342926,-1.1400004304998501
Text_22,Неудачное свидание,56,дом,126711,0.00014547865430358797,-8.835481187932343
Text_22,Неудачное свидание,57,ой,16339,0.18698197603225708,-1.6767430516271091
Text_22,Неудачное свидание,58,он,98745,0.024467123672366142,-3.7104249534971587
Text_22,Неудачное свидание,59,в,5805,0.020865226164460182,-3.869671325579194
Text_22,Неудачное свидание,60,озвращ,58297,0.021012717857956886,-3.862627412284166
Text_22,Неудачное свидание,61,ал,15952,0.8228613138198853,-0.19496760548202738
Text_22,Неудачное свидание,62,ся,20562,0.37071189284324646,-0.9923300872163954
Text_22,Неудачное свидание,63,бы,37660,0.0012274852488189936,-6.7027877156232085
Text_22,Неудачное свидание,64,на,13073,0.04390951991081238,-3.1256241279501227
Text_22,Неудачное свидание,65,ав,67728,0.00212854309938848,-6.152317524186726
Text_22,Неудачное свидание,66,т,1792,0.6613916158676147,-0.4134091548564673
Text_22,Неудачное свидание,67,об,13764,0.7040122151374817,-0.3509595719270631
Text_22,Неудачное свидание,68,ус,43055,0.8562615513801575,-0.15517939883374254
Text_22,Неудачное свидание,69,е,1504,0.004681359510868788,-5.364166717462347
Text_22,Неудачное свидание,70,",",11,0.38974854350090027,-0.9422535080598283
Text_22,Неудачное свидание,71,однако,138284,0.006335926707834005,-5.061519192113621
Text_22,Неудачное свидание,72,в,5805,0.0430104024708271,-3.146313274619786
Text_22,Неудачное свидание,73,район,132025,0.00013243303692433983,-8.929433421989469
Text_22,Неудачное свидание,74,",",11,0.0014648961368948221,-6.525970935343897
Text_22,Неудачное свидание,75,где,129162,0.45369425415992737,-0.7903317567963642
Text_22,Неудачное свидание,76,ж,57217,0.011004998348653316,-4.509405714057943
Text_22,Неудачное свидание,77,ил,63192,0.1901795119047165,-1.6597868533652644
Text_22,Неудачное свидание,78,М,44358,0.029319943860173225,-3.529487316693581
Text_22,Неудачное свидание,79,ар,17273,0.8184869289398193,-0.20029785182830986
Text_22,Неудачное свидание,80,ко,47099,0.44076722860336304,-0.8192383691808565
Text_22,Неудачное свидание,81,",",11,0.46919432282447815,-0.7567382619680941
Text_22,Неудачное свидание,82,ав,67728,0.0052614058367908,-5.247357018590746
Text_22,Неудачное свидание,83,т,1792,0.8800886273384094,-0.1277326636965308
Text_22,Неудачное свидание,84,об,13764,0.9872289896011353,-0.012853260782901022
Text_22,Неудачное свидание,85,ус,43055,0.9344252347946167,-0.06782366085736947
Text_22,Неудачное свидание,86,ы,4552,0.038337577134370804,-3.2613247375615075
Text_22,Неудачное свидание,87,в,5805,0.027439888566732407,-3.595757537111838
Text_22,Неудачное свидание,88,этот,129863,0.003317085560411215,-5.708668724833399
Text_22,Неудачное свидание,89,час,127770,0.027106551453471184,-3.6079798292629612
Text_22,Неудачное свидание,90,х,44558,0.0008718463941477239,-7.044897303072461
Text_22,Неудачное свидание,91,од,9516,0.5849329233169556,-0.5362580993210123
Text_22,Неудачное свидание,92,или,126227,0.9565221071243286,-0.04445137785001884
Text_22,Неудачное свидание,93,р,18108,0.0020697007421404123,-6.1803512511702605
Text_22,Неудачное свидание,94,ед,13103,0.029290344566106796,-3.530497354261304
Text_22,Неудачное свидание,95,ко,47099,0.6746352910995483,-0.3935830436115257
Text_22,Неудачное свидание,96,.,13,0.30754557251930237,-1.1791319994017864
Text_22,Неудачное свидание,97,Он,129917,0.022329196333885193,-3.8018602041993628
Text_22,Неудачное свидание,98,с,5409,0.027258649468421936,-3.602384396552107
Text_22,Неудачное свидание,99,ним,125119,0.008201011456549168,-4.803497783959059
Text_22,Неудачное свидание,100,ал,15952,0.839463472366333,-0.1749923145888658
Text_22,Неудачное свидание,101,кл,47346,2.6443571186973713e-05,-10.540497484515598
Text_22,Неудачное свидание,102,ет,8178,0.5447201728820801,-0.6074830604295939
Text_22,Неудачное свидание,103,уш,125405,4.469950363272801e-05,-10.015548160819648
Text_22,Неудачное свидание,104,ку,35252,0.650407612323761,-0.4301560167522051
Text_22,Неудачное свидание,105,на,13073,0.10188358277082443,-2.2839244629126063
Text_22,Неудачное свидание,106,сам,96085,0.002291206270456314,-6.078676844445271
Text_22,Неудачное свидание,107,ой,16339,0.22805474698543549,-1.478169560494322
Text_22,Неудачное свидание,108,ок,71564,0.0046561709605157375,-5.369561850903275
Text_22,Неудачное свидание,109,ра,22127,0.03189944103360176,-3.445166791802483
Text_22,Неудачное свидание,110,ин,18943,0.8184592127799988,-0.20033171508027253
Text_22,Неудачное свидание,111,е,1504,0.9596792459487915,-0.04115616915372096
Text_22,Неудачное свидание,112,города,131644,0.0024859204422682524,-5.997112288711313
Text_22,Неудачное свидание,113,в,5805,0.011560579761862755,-4.460154264585223
Text_22,Неудачное свидание,114,д,7796,0.004208368249237537,-5.470680295674718
Text_22,Неудачное свидание,115,еш,45967,0.029693184420466423,-3.5168377403006055
Text_22,Неудачное свидание,116,ё,44022,0.017802974209189415,-4.028389745238244
Text_22,Неудачное свидание,117,вой,129769,0.0016371558886021376,-6.414794756903395
Text_22,Неудачное свидание,118,квар,130828,0.021079247817397118,-3.8594662382322675
Text_22,Неудачное свидание,119,ти,22496,0.9622943997383118,-0.038434846299698885
Text_22,Неудачное свидание,120,ре,126225,0.980430006980896,-0.019764020920901494
Text_22,Неудачное свидание,121,с,5409,0.01399204507470131,-4.2692663198086676
Text_22,Неудачное свидание,122,гр,140911,0.0005402774550020695,-7.523427744799446
Text_22,Неудачное свидание,123,яз,62984,0.521449625492096,-0.6511426046199944
Text_22,Неудачное свидание,124,нов,46705,8.066235750447959e-05,-9.425238541268518
Text_22,Неудачное свидание,125,ат,7972,0.0006560597685165703,-7.3292586626269465
Text_22,Неудачное свидание,126,ой,16339,0.11944989114999771,-2.1248583164706942
Text_22,Неудачное свидание,127,д,7796,0.02768578566610813,-3.5868361503449084
Text_22,Неудачное свидание,128,уш,125405,0.10767973959445953,-2.228593831416471
Text_22,Неудачное свидание,129,евой,135790,8.494703070027754e-05,-9.373482663956015
Text_22,Неудачное свидание,130,и,7587,0.014498441480100155,-4.233714119463465
Text_22,Неудачное свидание,131,з,10885,0.008146028034389019,-4.810224828270429
Text_22,Неудачное свидание,132,лов,128968,0.0022298945114016533,-6.1058009989331845
Text_22,Неудачное свидание,133,он,17316,0.001860210089944303,-6.287065846052618
Text_22,Неудачное свидание,134,ной,38888,0.2848674952983856,-1.2557311356039762
Text_22,Неудачное свидание,135,к,7665,0.02859443984925747,-3.5545429909216955
Text_22,Неудачное свидание,136,ух,125951,0.08465331047773361,-2.4691910633385805
Text_22,Неудачное свидание,137,ней,126362,0.1884167194366455,-1.669099176421554
Text_22,Неудачное свидание,138,.,13,0.25243818759918213,-1.3765888618229196
Text_22,Неудачное свидание,139,М,44358,0.024598168209195137,-3.705083301857178
Text_22,Неудачное свидание,140,ар,17273,0.49363383650779724,-0.7059612582789329
Text_22,Неудачное свидание,141,ко,47099,0.7174442410469055,-0.33206004719477156
Text_22,Неудачное свидание,142,в,5805,0.021465718746185303,-3.8412980933013214
Text_22,Неудачное свидание,143,озвращ,58297,0.04821225255727768,-3.0321420877964
Text_22,Неудачное свидание,144,ал,15952,0.9095472693443298,-0.09480830948354213
Text_22,Неудачное свидание,145,ся,20562,0.9444120526313782,-0.05719271164194637
Text_22,Неудачное свидание,146,не,18658,0.0042790318839251995,-5.454028490319036
Text_22,Неудачное свидание,147,в,5805,0.0873013585805893,-2.4383892540516077
Text_22,Неудачное свидание,148,дух,141787,0.00048318790504708886,-7.635104942602543
Text_22,Неудачное свидание,149,е,1504,0.3279130756855011,-1.1150067188741446
Text_22,Неудачное свидание,150,",",11,0.04246615618467331,-3.1590478453535082
Text_22,Неудачное свидание,151,хотя,132957,0.006505225319415331,-5.035149529736635
Text_22,Неудачное свидание,152,с,5409,0.01865897886455059,-3.98142780828911
Text_22,Неудачное свидание,153,вид,72920,0.002065566135570407,-6.182350932482271
Text_22,Неудачное свидание,154,у,3780,0.014322918839752674,-4.245894308628399
Text_22,Неудачное свидание,155,св,44816,0.0018752401228994131,-6.279018562213102
Text_22,Неудачное свидание,156,ид,47162,0.30494505167007446,-1.1876236770639823
Text_22,Неудачное свидание,157,ание,26619,0.0007344909245148301,-7.216332918430994
Text_22,Неудачное свидание,158,про,40191,0.0008837260538712144,-7.031363437164484
Text_22,Неудачное свидание,159,шло,131583,0.12971846759319305,-2.0423888108012553
Text_22,Неудачное свидание,160,при,36305,0.0014672006946057081,-6.524398983039538
Text_22,Неудачное свидание,161,лич,90116,0.003028851468116045,-5.799571784746817
Text_22,Неудачное свидание,162,но,13685,0.7066068649291992,-0.3472808286652842
Text_22,Неудачное свидание,163,.,13,0.3916258215904236,-0.9374484318111237
Text_22,Неудачное свидание,164,Н,34789,0.023520618677139282,-3.7498778519975233
Text_22,Неудачное свидание,165,ез,31885,0.00250673433765769,-5.988774433646902
Text_22,Неудачное свидание,166,нак,125276,0.1356731802225113,-1.9975063718920232
Text_22,Неудачное свидание,167,ом,12228,0.9722747802734375,-0.028116818718048345
Text_22,Неудачное свидание,168,ка,13132,0.0023091165348887444,-6.070890280031133
Text_22,Неудачное свидание,169,с,5409,0.27344027161598206,-1.2966720662859827
Text_22,Неудачное свидание,170,сайта,134249,0.00012495863484218717,-8.987527796691
Text_22,Неудачное свидание,171,не,18658,0.02244720794260502,-3.7965890403408853
Text_22,Неудачное свидание,172,ож,21259,0.003040722105652094,-5.795660257016942
Text_22,Неудачное свидание,173,ид,47162,0.9895596504211426,-0.010495232359678504
Text_22,Неудачное свидание,174,ан,7336,0.8521696329116821,-0.15996967230892978
Text_22,Неудачное свидание,175,но,13685,0.9448387026786804,-0.05674105105284138
Text_22,Неудачное свидание,176,о,8215,0.026608843356370926,-3.626511661439643
Text_22,Неудачное свидание,177,казал,126031,0.2359355092048645,-1.4441967773815885
Text_22,Неудачное свидание,178,ас,17953,0.9675449728965759,-0.03299337154449792
Text_22,Неудачное свидание,179,ь,4824,0.9969964027404785,-0.0030081171105806746
Text_22,Неудачное свидание,180,пр,12281,0.00557730020955205,-5.189050453087683
Text_22,Неудачное свидание,181,ив,26991,0.6549592614173889,-0.4231822415904857
Text_22,Неудачное свидание,182,л,3038,0.203265979886055,-1.593239911819142
Text_22,Неудачное свидание,183,ек,14949,0.9087121486663818,-0.0957269030883926
Text_22,Неудачное свидание,184,атель,59890,0.9355097413063049,-0.06666372038120764
Text_22,Неудачное свидание,185,ной,38888,0.35466983914375305,-1.036567952834472
Text_22,Неудачное свидание,186,",",11,0.34969669580459595,-1.050689083614592
Text_22,Неудачное свидание,187,доб,140444,6.957109144423157e-05,-9.573161429719537
Text_22,Неудачное свидание,188,род,126284,0.02968703955411911,-3.5170447070635427
Text_22,Неудачное свидание,189,уш,125405,0.06306025385856628,-2.763664599206242
Text_22,Неудачное свидание,190,ной,38888,0.31182488799095154,-1.1653135051752663
Text_22,Неудачное свидание,191,девуш,137980,0.00025229749735444784,-8.284901621690883
Text_22,Неудачное свидание,192,кой,128588,0.9163563251495361,-0.08734998869442709
Text_22,Неудачное свидание,193,и,7587,0.052428290247917175,-2.9483089431160074
Text_22,Неудачное свидание,194,ему,131596,0.000992352026514709,-6.915432648191034
Text_22,Неудачное свидание,195,понрав,141689,0.022737964987754822,-3.7837192850884045
Text_22,Неудачное свидание,196,илась,132427,0.4917459785938263,-0.7097929994915488
Text_22,Неудачное свидание,197,.,13,0.02067301981151104,-3.8789258196115948
Text_22,Неудачное свидание,198,Но,128543,0.021801499649882317,-3.8257765202741
Text_22,Неудачное свидание,199,когда,128895,0.014582674950361252,-4.22792110212669
Text_22,Неудачное свидание,200,дело,133279,0.0005836468772031367,-7.44621442034143
Text_22,Неудачное свидание,201,до,56197,0.11307032406330109,-2.1797453169976904
Text_22,Неудачное свидание,202,шло,131583,0.14411810040473938,-1.9371221738389894
Text_22,Неудачное свидание,203,до,56197,0.7146587371826172,-0.33595014088125197
Text_22,Неудачное свидание,204,кафе,143987,5.5978696764213964e-05,-9.790539354529988
Text_22,Неудачное свидание,205,в,5805,0.015168679878115654,-4.188522511285996
Text_22,Неудачное свидание,206,стал,130856,6.457633571699262e-05,-9.647662534457735
Text_22,Неудачное свидание,207,бол,128713,0.0001539045770186931,-8.779177777349242
Text_22,Неудачное свидание,208,езн,127796,0.06955795735120773,-2.6655949552060076
Text_22,Неудачное свидание,209,енный,127205,0.044543951749801636,-3.1112788974738574
Text_22,Неудачное свидание,210,и,7587,0.0810825526714325,-2.5122874745264827
Text_22,Неудачное свидание,211,пр,12281,0.0064766546711325645,-5.0395511563780175
Text_22,Неудачное свидание,212,ив,26991,0.572692334651947,-0.5574066442503055
Text_22,Неудачное свидание,213,ы,4552,0.09758250415325165,-2.327057062357095
Text_22,Неудачное свидание,214,ч,6020,0.27980658411979675,-1.2736566855058284
Text_22,Неудачное свидание,215,ный,33513,0.808470606803894,-0.21261095584675285
Text_22,Неудачное свидание,216,для,19849,0.0035065619740635157,-5.653119216091443
Text_22,Неудачное свидание,217,рас,77776,0.0011173970997333527,-6.796753316491769
Text_22,Неудачное свидание,218,чёт,139079,0.001442320761270821,-6.541501822920536
Text_22,Неудачное свидание,219,лив,129618,0.0030306531116366386,-5.798977134293146
Text_22,Неудачное свидание,220,ого,22107,0.31693893671035767,-1.149046152334093
Text_22,Неудачное свидание,221,М,44358,0.015539196319878101,-4.16438965224756
Text_22,Неудачное свидание,222,ар,17273,0.9744440913200378,-0.02588813333755933
Text_22,Неудачное свидание,223,ко,47099,0.1284817010164261,-2.0519687893287832
Text_22,Неудачное свидание,224,вопрос,126609,0.0002201328898081556,-8.421279149390884
Text_22,Неудачное свидание,225,:,25,0.17580731213092804,-1.73836670113229
Text_22,Неудачное свидание,226,кто,129796,0.0037438434083014727,-5.587642545947272
Text_22,Неудачное свидание,227,плат,127026,0.0007850429392419755,-7.149772142006531
Text_22,Неудачное свидание,228,ит,9358,0.5611766576766968,-0.5777195252099292
Text_22,Неудачное свидание,229,?,30,0.02336486056447029,-3.756522070556936
Text_22,Неудачное свидание,230,Чтобы,135580,0.0019115241011604667,-6.25985439640064
Text_22,Неудачное свидание,231,не,18658,0.04203959181904793,-3.1691434423676226
Text_22,Неудачное свидание,232,тер,135010,0.009508826769888401,-4.6555347780806855
Text_22,Неудачное свидание,233,ять,93875,0.32049983739852905,-1.1378735099584238
Text_22,Неудачное свидание,234,лица,135279,0.0002970654459204525,-8.121558086802011
Text_22,Неудачное свидание,235,он,98745,0.004219642840325832,-5.4680047895098385
Text_22,Неудачное свидание,236,хотел,136730,0.004278496839106083,-5.454153536891974
Text_22,Неудачное свидание,237,зап,29789,0.009154005907475948,-4.693563691407226
Text_22,Неудачное свидание,238,лат,78463,0.0827205553650856,-2.4922871544500005
Text_22,Неудачное свидание,239,ить,17787,0.9885359406471252,-0.011530278259414701
Text_22,Неудачное свидание,240,за,43846,0.04473818466067314,-3.106927899052403
Text_22,Неудачное свидание,241,обо,130584,0.0001786471693776548,-8.630097818133928
Text_22,Неудачное свидание,242,их,66645,0.5712040662765503,-0.5600087491506056
Text_22,Неудачное свидание,243,",",11,0.019821003079414368,-3.9210131419050898
Text_22,Неудачное свидание,244,однако,138284,0.026881344616413116,-3.616322741646258
Text_22,Неудачное свидание,245,денег,138419,0.0004439246258698404,-7.719855771497587
Text_22,Неудачное свидание,246,в,5805,0.03316720575094223,-3.406193669820538
Text_22,Неудачное свидание,247,кар,129297,0.0014452853938564658,-6.539448472520229
Text_22,Неудачное свидание,248,ман,129386,0.16367973387241364,-1.8098436026818188
Text_22,Неудачное свидание,249,е,1504,0.7350286841392517,-0.3078457544909982
Text_22,Неудачное свидание,250,о,8215,0.012207793071866035,-4.405680754791258
Text_22,Неудачное свидание,251,став,67274,0.2510600686073303,-1.3820630513214582
Text_22,Неудачное свидание,252,ал,15952,0.6908913254737854,-0.3697727389667208
Text_22,Неудачное свидание,253,ось,98720,0.5062676668167114,-0.6806897637545626
Text_22,Неудачное свидание,254,мало,134083,0.00672879396006465,-5.001359354940893
Text_22,Неудачное свидание,255,–,1365,0.0016892937710508704,-6.383444724338387
Text_22,Неудачное свидание,256,был,128897,0.0005285256775096059,-7.545419168196371
Text_22,Неудачное свидание,257,риск,136802,3.6574732803273946e-05,-10.216152916531826
Text_22,Неудачное свидание,258,не,18658,0.0032918548677116632,-5.716304083496477
Text_22,Неудачное свидание,259,расс,125326,0.005008914973586798,-5.2965359594788595
Text_22,Неудачное свидание,260,чит,90253,0.6114504337310791,-0.4919213839986099
Text_22,Неудачное свидание,261,аться,97681,0.025659048929810524,-3.6628589847913453
Text_22,Неудачное свидание,262,и,7587,0.025082724168896675,-3.685575949941544
Text_22,Неудачное свидание,263,лиц,131111,8.151969086611643e-05,-9.414665961180198
Text_22,Неудачное свидание,264,о,1456,0.15839025378227234,-1.8426933306471287
Text_22,Неудачное свидание,265,потер,142523,0.0005488828173838556,-7.50762558662612
Text_22,Неудачное свидание,266,ять,93875,0.07491980493068695,-2.5913370051110944
Text_22,Неудачное свидание,267,.,13,0.17907558381557465,-1.7199473063134079
Text_22,Неудачное свидание,268,В,22933,0.06427281349897385,-2.744618544316642
Text_22,Неудачное свидание,269,ид,47162,0.014147181995213032,-4.258239827008104
Text_22,Неудачное свидание,270,я,4235,0.016648730263113976,-4.095421325937297
Text_22,Неудачное свидание,271,эти,126979,0.000950633198954165,-6.958382270184055
Text_22,Неудачное свидание,272,му,133294,0.00012159751349827275,-9.014794036846268
Text_22,Неудачное свидание,273,ки,16748,0.12224187701940536,-2.1017535984838016
Text_22,Неудачное свидание,274,",",11,0.3734849989414215,-0.9848774386926222
Text_22,Неудачное свидание,275,у,13932,0.015086231753230095,-4.193972755529619
Text_22,Неудачное свидание,276,м,6442,0.016151348128914833,-4.125751757322752
Text_22,Неудачное свидание,277,ная,43758,0.025188032537698746,-3.6813862965628137
Text_22,Неудачное свидание,278,жен,131161,0.015402959659695625,-4.173195602333338
Text_22,Неудачное свидание,279,щ,14144,0.9239063858985901,-0.0791445264356239
Text_22,Неудачное свидание,280,ина,68675,0.9950206279754639,-0.004991810404809601
Text_22,Неудачное свидание,281,наш,126096,0.0005540695856325328,-7.498220273269846
Text_22,Неудачное свидание,282,ла,30343,0.9216225147247314,-0.08161955929906266
Text_22,Неудачное свидание,283,выход,132399,0.0004156419017817825,-7.785686481439861
Text_22,Неудачное свидание,284,из,23064,0.041463956236839294,-3.182930753544852
Text_22,Неудачное свидание,285,ситуации,139367,0.0068878051824867725,-4.978002795867792
Text_22,Неудачное свидание,286,.,13,0.19612839818000793,-1.628985741476072
Text_22,Неудачное свидание,287,Она,135432,0.16724026203155518,-1.7883238056954596
Text_22,Неудачное свидание,288,позвол,142224,0.0007978049688972533,-7.133646390263111
Text_22,Неудачное свидание,289,ила,126463,0.979544997215271,-0.020667103688669815
Text_22,Неудачное свидание,290,за,43846,0.0005419939407147467,-7.520255736080206
Text_22,Неудачное свидание,291,себя,129364,0.0006931273965165019,-7.274296742312506
Text_22,Неудачное свидание,292,зап,29789,0.008715171366930008,-4.742689936757691
Text_22,Неудачное свидание,293,лат,78463,0.961835503578186,-0.03891183713907563
Text_22,Неудачное свидание,294,ить,17787,0.9828650951385498,-0.017283406158803218
Text_22,Неудачное свидание,295,",",11,0.12446241825819016,-2.0837514700266904
Text_22,Неудачное свидание,296,при,36305,0.005053855013102293,-5.287603957981589
Text_22,Неудачное свидание,297,этом,128649,0.06489630043506622,-2.7349646609790716
Text_22,Неудачное свидание,298,сам,96085,0.0011610555229708552,-6.758425754006909
Text_22,Неудачное свидание,299,а,1478,0.3116050064563751,-1.1660188981814477
Text_22,Неудачное свидание,300,заказ,86905,0.0007068752311170101,-7.25465638413796
Text_22,Неудачное свидание,301,ыв,34567,0.04260806739330292,-3.1557116682064295
Text_22,Неудачное свидание,302,ала,95965,0.5357735753059387,-0.6240436412924797
Text_22,Неудачное свидание,303,очень,128632,0.0011860078666359186,-6.737162345514673
Text_22,Неудачное свидание,304,ск,68371,0.0022454001009464264,-6.098871554982606
Text_22,Неудачное свидание,305,ром,125814,0.5836880207061768,-0.5383886500150689
Text_22,Неудачное свидание,306,но,13685,0.043505214154720306,-3.1348744824450545
Text_22,Неудачное свидание,307,.,13,0.2252354472875595,-1.4906089915172804
Text_22,Неудачное свидание,308,Однако,132594,0.0033453674986958504,-5.700178726355699
Text_22,Неудачное свидание,309,М,44358,0.07755833864212036,-2.5567248691295177
Text_22,Неудачное свидание,310,ар,17273,0.9881492853164673,-0.011921494150048917
Text_22,Неудачное свидание,311,ко,47099,0.8117760419845581,-0.2085307872269774
Text_22,Неудачное свидание,312,по,17686,0.014061623252928257,-4.264305947419555
Text_22,Неудачное свидание,313,пути,141386,0.0003250367008149624,-8.031572456425652
Text_22,Неудачное свидание,314,",",11,0.016096683219075203,-4.129142039452515
Text_22,Неудачное свидание,315,на,13073,0.025025801733136177,-3.6878479170058767
Text_22,Неудачное свидание,316,оборот,139243,0.0017234057886525989,-6.363452836308151
Text_22,Неудачное свидание,317,",",11,0.8692966103553772,-0.14007088818531743
Text_22,Неудачное свидание,318,о,8215,0.014053881168365479,-4.264856681608239
Text_22,Неудачное свидание,319,хват,133405,0.003440625499933958,-5.67210199275
Text_22,Неудачное свидание,320,ила,126463,0.035992998629808426,-3.3244308419455235
Text_22,Неудачное свидание,321,г,24725,0.004947646055370569,-5.308843359878203
Text_22,Неудачное свидание,322,ру,19763,0.1386803686618805,-1.9755834998051292
Text_22,Неудачное свидание,323,сть,34492,0.3201013207435608,-1.13911770598059
Text_22,Неудачное свидание,324,:,25,0.017455728724598885,-4.048087390536989
Text_22,Неудачное свидание,325,ничего,134010,0.0008162371232174337,-7.110805653035669
Text_22,Неудачное свидание,326,не,18658,0.7413743734359741,-0.2992495539613892
Text_22,Неудачное свидание,327,вы,20811,0.01242064032703638,-4.388395647683684
Text_22,Неудачное свидание,328,йдет,134001,0.003741612657904625,-5.588238568539124
Text_22,Неудачное свидание,329,",",11,0.2267577201128006,-1.4838731437624986
Text_22,Неудачное свидание,330,эта,134891,0.0003569108957890421,-7.938024398965142
Text_22,Неудачное свидание,331,жен,131161,0.018683983013033867,-3.980088645514501
Text_22,Неудачное свидание,332,щ,14144,0.9159613847732544,-0.08778107155768713
Text_22,Неудачное свидание,333,ина,68675,0.9985998272895813,-0.0014011538681953741
Text_22,Неудачное свидание,334,слишком,140829,0.0026473135221749544,-5.9342099184085155
Text_22,Неудачное свидание,335,хорош,126825,0.0011656132992357016,-6.754507893371687
Text_22,Неудачное свидание,336,а,1478,0.1817197948694229,-1.7052893669193125
Text_22,Неудачное свидание,337,для,19849,0.1168748140335083,-2.1466518825317
Text_22,Неудачное свидание,338,него,131326,0.20796707272529602,-1.5703755160175599
Text_22,Неудачное свидание,339,.,13,0.4191066026687622,-0.8696299697758733
