﻿text_id,title,position,token,token_id,probability,log_probability
Text_23,Деревянное зодчество,1,ер,7599,0.0018844116711989045,-6.274139617568678
Text_23,Деревянное зодчество,2,ев,32642,0.5494649410247803,-0.5988103087666258
Text_23,Деревянное зодчество,3,о,1456,0.27202272415161133,-1.30186967150076
Text_23,Деревянное зодчество,4,является,129143,0.001612733001820743,-6.429825022479895
Text_23,Деревянное зодчество,5,одним,138502,0.011621416546404362,-4.454905629101512
Text_23,Деревянное зодчество,6,из,23064,0.9315154552459717,-0.07094249729502096
Text_23,Деревянное зодчество,7,основ,126068,0.05398878827691078,-2.9189788784764654
Text_23,Деревянное зодчество,8,ных,43686,0.7936452627182007,-0.23111868996273718
Text_23,Деревянное зодчество,9,производ,137852,0.003304949728772044,-5.712334016453159
Text_23,Деревянное зодчество,10,ств,20200,0.6692041158676147,-0.401666159458593
Text_23,Деревянное зодчество,11,енных,129612,0.6069170236587524,-0.4993631963462948
Text_23,Деревянное зодчество,12,материалов,139696,0.00406451104208827,-5.5054618280662995
Text_23,Деревянное зодчество,13,",",11,0.3220740854740143,-1.1329736807900228
Text_23,Деревянное зодчество,14,на,13073,0.006523085758090019,-5.032407739222556
Text_23,Деревянное зодчество,15,ряд,128917,0.004036155994981527,-5.512462526350306
Text_23,Деревянное зодчество,16,у,3780,0.9673606157302856,-0.03318393088541025
Text_23,Деревянное зодчество,17,с,5409,0.9824569821357727,-0.01769872028299934
Text_23,Деревянное зодчество,18,кам,140945,0.011740652844309807,-4.444697857584008
Text_23,Деревянное зодчество,19,нем,129325,0.2885909378528595,-1.2427450335066108
Text_23,Деревянное зодчество,20,и,7587,0.3483249545097351,-1.0546194575796763
Text_23,Деревянное зодчество,21,метал,135565,0.13818371295928955,-1.979171225828812
Text_23,Деревянное зодчество,22,лом,130738,0.7936256527900696,-0.23114339894964106
Text_23,Деревянное зодчество,23,.,13,0.3339902460575104,-1.0966434898524924
Text_23,Деревянное зодчество,24,Перв,135068,0.0017532410565763712,-6.346289171614666
Text_23,Деревянное зодчество,25,ым,125033,0.10149294137954712,-2.2877660259771746
Text_23,Деревянное зодчество,26,о,8215,0.0014655684353783727,-6.525512101272531
Text_23,Деревянное зодчество,27,руд,125198,0.0032570455223321915,-5.726934776018078
Text_23,Деревянное зодчество,28,ием,129638,0.8389065861701965,-0.17565591820088255
Text_23,Деревянное зодчество,29,т,10813,0.0022183333057910204,-6.11099912821894
Text_23,Деревянное зодчество,30,ру,19763,0.027826648205518723,-3.5817611488751497
Text_23,Деревянное зодчество,31,да,39490,0.6985294818878174,-0.3587778937487461
Text_23,Деревянное зодчество,32,в,5805,0.0798279345035553,-2.5278817793463033
Text_23,Деревянное зодчество,33,р,18108,0.00855699647217989,-4.76100602981931
Text_23,Деревянное зодчество,34,у,3780,0.11234405636787415,-2.1861891845728625
Text_23,Деревянное зодчество,35,ках,127001,0.29558226466178894,-1.2188080894692292
Text_23,Деревянное зодчество,36,древ,139671,0.0031864698976278305,-5.748841590099728
Text_23,Деревянное зодчество,37,ней,126362,0.04604106396436691,-3.0782215858306006
Text_23,Деревянное зодчество,38,об,21229,0.0019765954930335283,-6.226379362185911
Text_23,Деревянное зодчество,39,ез,31885,0.042454734444618225,-3.159316842535222
Text_23,Деревянное зодчество,40,ья,125170,0.08367244899272919,-2.4808455194396677
Text_23,Деревянное зодчество,41,ны,12368,0.5237043499946594,-0.646827971459167
Text_23,Деревянное зодчество,42,явля,125610,0.0010796374408528209,-6.831129997120901
Text_23,Деревянное зодчество,43,лась,129130,0.046273089945316315,-3.0731946975426654
Text_23,Деревянное зодчество,44,дерев,134818,0.04230307787656784,-3.1628954325375775
Text_23,Деревянное зодчество,45,ян,130177,0.6129274368286133,-0.4895087239048437
Text_23,Деревянное зодчество,46,ная,43758,0.6608652472496033,-0.41420532186531184
Text_23,Деревянное зодчество,47,п,5063,0.02044432982802391,-3.890049704963047
Text_23,Деревянное зодчество,48,ал,15952,0.028980981558561325,-3.5411154724574785
Text_23,Деревянное зодчество,49,ка,13132,0.11971558630466461,-2.1226364634942714
Text_23,Деревянное зодчество,50,.,13,0.275333970785141,-1.2897704789316788
Text_23,Деревянное зодчество,51,По,126206,0.014572114683687687,-4.228645529726267
Text_23,Деревянное зодчество,52,н,6709,0.003415829734876752,-5.679334847718192
Text_23,Деревянное зодчество,53,ы,4552,0.005065612960606813,-5.285280129727709
Text_23,Деревянное зодчество,54,н,2108,0.812882125377655,-0.2071691671813484
Text_23,Деревянное зодчество,55,еш,45967,0.8876305222511292,-0.11919970112068914
Text_23,Деревянное зодчество,56,нее,126539,0.035929109901189804,-3.3262074513005073
Text_23,Деревянное зодчество,57,время,91778,0.03781317546963692,-3.275097679690811
Text_23,Деревянное зодчество,58,изделия,143881,6.643747383350274e-07,-14.224419481701599
Text_23,Деревянное зодчество,59,из,23064,0.18178340792655945,-1.7049393669341866
Text_23,Деревянное зодчество,60,дер,134817,0.35765430331230164,-1.028188392311394
Text_23,Деревянное зодчество,61,ева,130518,0.9906536936759949,-0.009390257110996595
Text_23,Деревянное зодчество,62,наход,127254,0.004640731029212475,-5.372883375754336
Text_23,Деревянное зодчество,63,ят,89197,0.016041027382016182,-4.13260562734707
Text_23,Деревянное зодчество,64,шир,142704,0.06447402387857437,-2.7414928668628824
Text_23,Деревянное зодчество,65,ок,14746,0.9114209413528442,-0.09275042329009696
Text_23,Деревянное зодчество,66,ое,43767,0.3188977837562561,-1.1428846546413995
Text_23,Деревянное зодчество,67,примен,127671,0.39100316166877747,-0.9390396329200584
Text_23,Деревянное зодчество,68,ение,17175,0.99958735704422,-0.0004127281163125751
Text_23,Деревянное зодчество,69,–,1365,0.001358785666525364,-6.60116387036068
Text_23,Деревянное зодчество,70,от,20264,0.04541165381669998,-3.0919865148767918
Text_23,Деревянное зодчество,71,предмет,136705,0.0012232037261128426,-6.706281857153241
Text_23,Деревянное зодчество,72,ов,6715,0.612212598323822,-0.4906756739112124
Text_23,Деревянное зодчество,73,дом,126711,0.021559834480285645,-3.8369232101375244
Text_23,Деревянное зодчество,74,аш,50695,0.8185580968856812,-0.20021090498838312
Text_23,Деревянное зодчество,75,него,131809,0.5559903979301453,-0.587004254790492
Text_23,Деревянное зодчество,76,об,21229,0.011807014234364033,-4.439061497471033
Text_23,Деревянное зодчество,77,и,1802,0.0009278289508074522,-6.982663162417729
Text_23,Деревянное зодчество,78,ход,30001,0.1910390853881836,-1.655277236330275
Text_23,Деревянное зодчество,79,а,1478,0.8911747932434082,-0.11521469427172212
Text_23,Деревянное зодчество,80,до,56197,0.7800688147544861,-0.2483731391457988
Text_23,Деревянное зодчество,81,п,5063,0.007468979340046644,-4.896996923704667
Text_23,Деревянное зодчество,82,лав,80626,0.07207243889570236,-2.63008356996758
Text_23,Деревянное зодчество,83,атель,59890,0.15083657205104828,-1.8915583325791434
Text_23,Деревянное зодчество,84,ных,43686,0.4573328197002411,-0.782343882469476
Text_23,Деревянное зодчество,85,средств,130589,0.007585999555885792,-4.8814508942593555
Text_23,Деревянное зодчество,86,и,7587,0.16986221075057983,-1.772767695581449
Text_23,Деревянное зодчество,87,дерев,134818,0.002749022329226136,-5.896509947159723
Text_23,Деревянное зодчество,88,ян,130177,0.8302314281463623,-0.18605078796509752
Text_23,Деревянное зодчество,89,ного,38800,0.2013881355524063,-1.6025212103018158
Text_23,Деревянное зодчество,90,з,10885,0.034021493047475815,-3.3807628056324748
Text_23,Деревянное зодчество,91,од,9516,0.01178057212382555,-4.441303534550486
Text_23,Деревянное зодчество,92,ч,6020,0.0012623259099200368,-6.674799299455535
Text_23,Деревянное зодчество,93,еств,33934,0.007205438334494829,-4.932919213838525
Text_23,Деревянное зодчество,94,а,1478,0.9580274224281311,-0.04287887675693444
Text_23,Деревянное зодчество,95,.,13,0.5887988805770874,-0.5296706127630832
Text_23,Деревянное зодчество,96,Д,38803,0.050930388271808624,-2.9772955144781506
Text_23,Деревянное зодчество,97,ер,7599,0.8669560551643372,-0.14276698957114112
Text_23,Деревянное зодчество,98,ев,32642,0.9855918884277344,-0.014512916322245838
Text_23,Деревянное зодчество,99,о,1456,0.9446547627449036,-0.05693574866648639
Text_23,Деревянное зодчество,100,–,1365,0.016039708629250526,-4.132687841967455
Text_23,Деревянное зодчество,101,это,67879,0.31693974137306213,-1.1490436134801063
Text_23,Деревянное зодчество,102,очень,128632,0.02131926827132702,-3.8481440015057964
Text_23,Деревянное зодчество,103,удоб,131810,0.015042857266962528,-4.1968520006474
Text_23,Деревянное зодчество,104,ный,33513,0.5155304074287415,-0.6625589909820262
Text_23,Деревянное зодчество,105,материал,128076,0.43648019433021545,-0.8290122785458421
Text_23,Деревянное зодчество,106,",",11,0.5002039074897766,-0.6927394487143195
Text_23,Деревянное зодчество,107,мяг,141225,2.4369963284698315e-05,-10.622159196906123
Text_23,Деревянное зодчество,108,кий,130366,0.7352190613746643,-0.30758678148858076
Text_23,Деревянное зодчество,109,",",11,0.4567379355430603,-0.7836454977716969
Text_23,Деревянное зодчество,110,у,13932,0.016053874045610428,-4.131805084973741
Text_23,Деревянное зодчество,111,п,8005,0.024587657302618027,-3.705510697621211
Text_23,Деревянное зодчество,112,руг,64389,0.03571591526269913,-3.3321588838605245
Text_23,Деревянное зодчество,113,ий,43838,0.8443737030029297,-0.16916010631275613
Text_23,Деревянное зодчество,114,по,17686,0.001630254089832306,-6.419019392979307
Text_23,Деревянное зодчество,115,сравн,134856,0.03327847644686699,-3.402844443918795
Text_23,Деревянное зодчество,116,ению,130201,0.995253324508667,-0.004757976731839131
Text_23,Деревянное зодчество,117,с,5409,0.9667357802391052,-0.0338300574323813
Text_23,Деревянное зодчество,118,кам,140945,0.14922413229942322,-1.9023058596575257
Text_23,Деревянное зодчество,119,нем,129325,0.8141252994537354,-0.2056409942928412
Text_23,Деревянное зодчество,120,и,7587,0.4287249445915222,-0.8469397204800717
Text_23,Деревянное зодчество,121,б,14062,0.005491352174431086,-5.204580756076419
Text_23,Деревянное зодчество,122,ет,8178,0.045298028737306595,-3.094491763172732
Text_23,Деревянное зодчество,123,он,17316,0.382872074842453,-0.9600543538389167
Text_23,Деревянное зодчество,124,ом,12228,0.6184424757957458,-0.48055109746401287
Text_23,Деревянное зодчество,125,",",11,0.4859865605831146,-0.7215743085851613
Text_23,Деревянное зодчество,126,и,7587,0.08747466653585434,-2.436406052843633
Text_23,Деревянное зодчество,127,хорошо,133097,0.00834629125893116,-4.785937999394959
Text_23,Деревянное зодчество,128,сохран,92681,0.007336609531193972,-4.914878459803177
Text_23,Деревянное зодчество,129,я,4235,0.6283350586891174,-0.46468172184758083
Text_23,Деревянное зодчество,130,ющим,131391,0.0020941779948771,-6.1685941678172025
Text_23,Деревянное зодчество,131,тепло,136282,0.00034874584525823593,-7.961167138137695
Text_23,Деревянное зодчество,132,по,17686,0.005137627478688955,-5.271163886097518
Text_23,Деревянное зодчество,133,сравн,134856,0.48823586106300354,-0.7169566680409573
Text_23,Деревянное зодчество,134,ению,130201,0.994111955165863,-0.005905447716379942
Text_23,Деревянное зодчество,135,с,5409,0.9799122214317322,-0.020292281296768775
Text_23,Деревянное зодчество,136,метал,135565,0.130419060587883,-2.0370024700189235
Text_23,Деревянное зодчество,137,лом,130738,0.9689425826072693,-0.031549923122238636
Text_23,Деревянное зодчество,138,.,13,0.4490213096141815,-0.8006849322008658
Text_23,Деревянное зодчество,139,Д,38803,0.14940613508224487,-1.901086942319027
Text_23,Деревянное зодчество,140,ер,7599,0.9575802683830261,-0.04334573023154871
Text_23,Деревянное зодчество,141,ев,32642,0.9910694360733032,-0.008970680433340272
Text_23,Деревянное зодчество,142,ян,130177,9.236821642844006e-05,-9.28972761653784
Text_23,Деревянное зодчество,143,ные,42965,0.2107757329940796,-1.556960587565498
Text_23,Деревянное зодчество,144,изделия,143881,0.08359649032354355,-2.4817537415485353
Text_23,Деревянное зодчество,145,могут,129348,0.07511617243289948,-2.588719398083944
Text_23,Деревянное зодчество,146,иметь,140292,0.04595591500401497,-3.0800727115006286
Text_23,Деревянное зодчество,147,раз,38379,0.01943787932395935,-3.9405315741740985
Text_23,Деревянное зодчество,148,ную,76395,0.003155193757265806,-5.758705372112109
Text_23,Деревянное зодчество,149,основ,126068,0.0007276744581758976,-7.225656782614482
Text_23,Деревянное зодчество,150,у,3780,0.36767053604125977,-1.0005680243145167
Text_23,Деревянное зодчество,151,–,1365,0.11974913626909256,-2.1223562555013205
Text_23,Деревянное зодчество,152,это,67879,0.018462244421243668,-3.992027474348761
Text_23,Деревянное зодчество,153,могут,129348,0.0002205592900281772,-8.419344010204869
Text_23,Деревянное зодчество,154,быть,61631,0.5188125371932983,-0.656212661077598
Text_23,Деревянное зодчество,155,б,14062,0.014527457766234875,-4.231714781179117
Text_23,Деревянное зодчество,156,ру,19763,0.00011724324576789513,-9.051259757688227
Text_23,Деревянное зодчество,157,ски,79012,0.006948304362595081,-4.969257625777594
Text_23,Деревянное зодчество,158,цель,142963,9.809501761992578e-07,-13.83474416745855
Text_23,Деревянное зодчество,159,ного,38800,0.04713703691959381,-3.054696240479992
Text_23,Деревянное зодчество,160,дер,134817,0.3453187048435211,-1.0632875062197835
Text_23,Деревянное зодчество,161,ева,130518,0.9776906371116638,-0.02256198095938135
Text_23,Деревянное зодчество,162,",",11,0.32066774368286133,-1.1373497583118188
Text_23,Деревянное зодчество,163,ф,17574,0.002174901543185115,-6.13077188296719
Text_23,Деревянное зодчество,164,ан,7336,0.025785867124795914,-3.657928723004677
Text_23,Деревянное зодчество,165,ера,90783,0.0006620679632760584,-7.320142343737808
Text_23,Деревянное зодчество,166,",",11,0.3177306056022644,-1.1465514074323038
Text_23,Деревянное зодчество,167,сп,83614,0.0017734096618369222,-6.334851222833749
Text_23,Деревянное зодчество,168,р,2184,0.005547136999666691,-5.194473340239144
Text_23,Деревянное зодчество,169,есс,93420,0.027281811460852623,-3.6015350456875024
Text_23,Деревянное зодчество,170,ован,130832,0.0008356185280717909,-7.087338355153118
Text_23,Деревянное зодчество,171,ная,43758,0.31964540481567383,-1.1405430075471454
Text_23,Деревянное зодчество,172,ст,18362,0.01064803171902895,-4.542380219021774
Text_23,Деревянное зодчество,173,руж,129244,0.00891937781125307,-4.719529086924684
Text_23,Деревянное зодчество,174,ка,13132,0.9001131653785706,-0.10523478425282784
Text_23,Деревянное зодчество,175,",",11,0.29441747069358826,-1.222756550499618
Text_23,Деревянное зодчество,176,дерев,134818,0.050292979925870895,-2.9898897757144125
Text_23,Деревянное зодчество,177,ян,130177,0.6939669251441956,-0.36533097790469143
Text_23,Деревянное зодчество,178,ное,47050,0.07429095357656479,-2.599766090033729
Text_23,Деревянное зодчество,179,в,5805,0.007307297550141811,-4.918881765756515
Text_23,Деревянное зодчество,180,ол,7819,0.1952831745147705,-1.6333045968089033
Text_23,Деревянное зодчество,181,ок,14746,0.20296674966812134,-1.5947131080944914
Text_23,Деревянное зодчество,182,но,13685,0.1913132220506668,-1.653843288088702
Text_23,Деревянное зодчество,183,и,7587,0.05398250371217728,-2.919095290248981
Text_23,Деревянное зодчество,184,д,7796,0.032214220613241196,-3.4353472899717556
Text_23,Деревянное зодчество,185,р,2184,0.7459334135055542,-0.29311894079756184
Text_23,Деревянное зодчество,186,.,13,0.6326844692230225,-0.4577834499568412
Text_23,Деревянное зодчество,187,К,35379,0.015145879238843918,-4.190026781460816
Text_23,Деревянное зодчество,188,не,18658,0.0005803928361274302,-7.451805380022439
Text_23,Деревянное зодчество,189,с,2247,0.04817584529519081,-3.032897518490218
Text_23,Деревянное зодчество,190,омн,127743,0.06458535045385361,-2.7397676670706628
Text_23,Деревянное зодчество,191,енным,132626,0.30715644359588623,-1.1803980729307284
Text_23,Деревянное зодчество,192,преимуществ,139339,3.692078826134093e-05,-10.206735798033682
Text_23,Деревянное зодчество,193,ам,23763,0.6479282379150391,-0.4339753327207003
Text_23,Деревянное зодчество,194,дер,134817,0.13048861920833588,-2.036469265153852
Text_23,Деревянное зодчество,195,ева,130518,0.9653830528259277,-0.03523031047174216
Text_23,Деревянное зодчество,196,следует,132996,0.04706665500998497,-3.0561904902543446
Text_23,Деревянное зодчество,197,от,20264,0.005518830846995115,-5.199589244207169
Text_23,Деревянное зодчество,198,нести,138967,0.00040946376975625753,-7.800662132928929
Text_23,Деревянное зодчество,199,то,58246,0.03202009201049805,-3.4413916978855905
Text_23,Деревянное зодчество,200,",",11,0.9682457447052002,-0.03226935542760647
Text_23,Деревянное зодчество,201,что,47389,0.9560824632644653,-0.044911111005960534
Text_23,Деревянное зодчество,202,о,8215,0.030323002487421036,-3.495848696480798
Text_23,Деревянное зодчество,203,но,13685,0.586169958114624,-0.5341455005436313
Text_23,Деревянное зодчество,204,хорошо,133097,0.018551351502537727,-3.9872126353029937
Text_23,Деревянное зодчество,205,раз,38379,0.010274694301187992,-4.578071270751628
Text_23,Деревянное зодчество,206,лаг,126948,0.006801283918321133,-4.990643873104914
Text_23,Деревянное зодчество,207,ается,67171,0.5150035619735718,-0.663581461888782
Text_23,Деревянное зодчество,208,и,7587,0.15513865649700165,-1.863436003896308
Text_23,Деревянное зодчество,209,заг,71490,0.0001688313641352579,-8.68661018657381
Text_23,Деревянное зодчество,210,р,2184,0.09458597004413605,-2.3582461221245747
Text_23,Деревянное зодчество,211,яз,62984,0.855348527431488,-0.15624625868292372
Text_23,Деревянное зодчество,212,ня,39151,0.6780373454093933,-0.3885529108339151
Text_23,Деревянное зодчество,213,ет,8178,0.16112636029720306,-1.8255663752622056
Text_23,Деревянное зодчество,214,а,20396,0.002031554002314806,-6.198954260406509
Text_23,Деревянное зодчество,215,т,1792,0.34217411279678345,-1.0724355697228773
Text_23,Деревянное зодчество,216,м,6442,0.8122099041938782,-0.20799646952470519
Text_23,Деревянное зодчество,217,ос,22787,0.9871702790260315,-0.012912732619275724
Text_23,Деревянное зодчество,218,фер,131049,0.7686368823051453,-0.2631366156572092
Text_23,Деревянное зодчество,219,у,3780,0.9786237478256226,-0.021608033279084754
Text_23,Деревянное зодчество,220,в,5805,0.022588327527046204,-3.790321987230355
Text_23,Деревянное зодчество,221,мень,137200,0.0010858483146876097,-6.825393740625622
Text_23,Деревянное зодчество,222,шей,136604,0.12285556644201279,-2.096745870158161
Text_23,Деревянное зодчество,223,степени,143590,0.4212876558303833,-0.8644394106154037
Text_23,Деревянное зодчество,224,",",11,0.4939640462398529,-0.7052925453338581
Text_23,Деревянное зодчество,225,чем,128743,0.9173092842102051,-0.0863105852812862
Text_23,Деревянное зодчество,226,более,128714,0.0004240918206050992,-7.765560568146728
Text_23,Деревянное зодчество,227,л,25460,0.01491244975477457,-4.205558860899935
Text_23,Деревянное зодчество,228,ё,44022,0.020316902548074722,-3.8963021015487866
Text_23,Деревянное зодчество,229,г,15390,0.8482348918914795,-0.16459768639126257
Text_23,Деревянное зодчество,230,кий,130366,0.2294575721025467,-1.4720371375851578
Text_23,Деревянное зодчество,231,и,7587,0.1261134147644043,-2.070573659715383
Text_23,Деревянное зодчество,232,практич,135084,1.1877721590280998e-05,-11.340846047752816
Text_23,Деревянное зодчество,233,ный,33513,0.8347590565681458,-0.1806121507794971
Text_23,Деревянное зодчество,234,пласт,136356,0.002710683736950159,-5.910554374455565
Text_23,Деревянное зодчество,235,ик,37722,0.4678944945335388,-0.7595124475105884
Text_23,Деревянное зодчество,236,.,13,0.5979344844818115,-0.5142740887561142
Text_23,Деревянное зодчество,237,Но,128543,0.015349220484495163,-4.176690589007464
Text_23,Деревянное зодчество,238,есть,79165,0.01825582981109619,-4.003270808260374
Text_23,Деревянное зодчество,239,у,13932,0.009317513555288315,-4.6758594717916
Text_23,Деревянное зодчество,240,дер,134817,0.00044820483890362084,-7.710260200351352
Text_23,Деревянное зодчество,241,ева,130518,0.9540785551071167,-0.04700926804426209
Text_23,Деревянное зодчество,242,и,7587,0.039899155497550964,-3.221400120785224
Text_23,Деревянное зодчество,243,нед,127782,0.00274983374401927,-5.896214825851504
Text_23,Деревянное зодчество,244,ост,24276,0.6876778602600098,-0.37443477706725264
Text_23,Деревянное зодчество,245,ат,7972,0.9152063131332397,-0.08860576028900574
Text_23,Деревянное зодчество,246,ки,16748,0.5874423980712891,-0.5319770836067339
Text_23,Деревянное зодчество,247,.,13,0.29348570108413696,-1.2259263595238192
Text_23,Деревянное зодчество,248,Как,128654,0.006196606904268265,-5.083753410245015
Text_23,Деревянное зодчество,249,материал,128076,0.00024407196906395257,-8.318047420981665
Text_23,Деревянное зодчество,250,дерев,134818,0.00839883740991354,-4.77966198629325
Text_23,Деревянное зодчество,251,о,1456,0.002725304802879691,-5.905175002854375
Text_23,Деревянное зодчество,252,дор,131487,0.00010485550592420623,-9.162927289603978
Text_23,Деревянное зодчество,253,ож,21259,0.37904632091522217,-0.9700968625941433
Text_23,Деревянное зодчество,254,е,1504,0.4948582947254181,-0.7034838306794483
Text_23,Деревянное зодчество,255,п,5063,0.004141268320381641,-5.486753180482709
Text_23,Деревянное зодчество,256,ла,30343,0.0321921706199646,-3.4360320044454555
Text_23,Деревянное зодчество,257,сти,54423,0.45518431067466736,-0.7870528636474322
Text_23,Деревянное зодчество,258,ка,13132,0.3164072036743164,-1.1507252757298758
Text_23,Деревянное зодчество,259,",",11,0.5188431143760681,-0.6561537259525738
Text_23,Деревянное зодчество,260,о,8215,0.009737462736666203,-4.631774694579119
Text_23,Деревянное зодчество,261,но,13685,0.39345216751098633,-0.932795775029189
Text_23,Деревянное зодчество,262,не,18658,0.29129549860954285,-1.2334170679011869
Text_23,Деревянное зодчество,263,такое,134322,0.0002515490632504225,-8.287872504943948
Text_23,Деревянное зодчество,264,л,25460,0.009303159080445766,-4.677401250433741
Text_23,Деревянное зодчество,265,ё,44022,0.40568363666534424,-0.9021816431662368
Text_23,Деревянное зодчество,266,г,15390,0.9473075270652771,-0.05413150032278175
Text_23,Деревянное зодчество,267,к,4793,0.558184027671814,-0.5830665722774545
Text_23,Деревянное зодчество,268,ое,43767,0.8041934967041016,-0.21791537121654306
Text_23,Деревянное зодчество,269,и,7587,0.15905322134494781,-1.8385164073300444
Text_23,Деревянное зодчество,270,долг,139760,0.0027639921754598618,-5.891079203956314
Text_23,Деревянное зодчество,271,ов,6715,0.05363199859857559,-2.925609400252897
Text_23,Деревянное зодчество,272,еч,55757,0.33377158641815186,-1.0972983929527882
Text_23,Деревянное зодчество,273,ное,47050,0.8318569660186768,-0.18409476878308745
Text_23,Деревянное зодчество,274,",",11,0.5832726359367371,-0.5391005588264219
Text_23,Деревянное зодчество,275,больш,126129,9.519336890662089e-05,-9.259600272935149
Text_23,Деревянное зодчество,276,ин,18943,0.2314971536397934,-1.4631877008239051
Text_23,Деревянное зодчество,277,ство,126293,0.9412953853607178,-0.06049828285177531
Text_23,Деревянное зодчество,278,пор,90046,0.0006011538207530975,-7.41665971482356
Text_23,Деревянное зодчество,279,од,9516,0.20838333666324615,-1.5683759307294918
Text_23,Деревянное зодчество,280,у,13932,0.0010587041033431888,-6.850709662790592
Text_23,Деревянное зодчество,281,ступ,126399,0.00030887601315043867,-8.082570613529958
Text_23,Деревянное зодчество,282,ает,26909,0.9204606413841248,-0.08288103708938957
Text_23,Деревянное зодчество,283,в,5805,0.018265513703227043,-4.002740494124805
Text_23,Деревянное зодчество,284,проч,133140,0.001790917245671153,-6.325027362626491
Text_23,Деревянное зодчество,285,ности,67642,0.4451477527618408,-0.8093490232469263
Text_23,Деревянное зодчество,286,метал,135565,0.0013911990681663156,-6.577589264730121
Text_23,Деревянное зодчество,287,лу,129070,0.007592413574457169,-4.880605744124347
Text_23,Деревянное зодчество,288,и,7587,0.17449797689914703,-1.7458421311080259
Text_23,Деревянное зодчество,289,кам,140945,0.014516796916723251,-4.232448891942624
Text_23,Деревянное зодчество,290,ню,127494,0.015776067972183228,-4.149261172549545
Text_23,Деревянное зодчество,291,.,13,0.6235980987548828,-0.47224919062471105
Text_23,Деревянное зодчество,292,К,35379,0.015159952454268932,-4.189098035034774
Text_23,Деревянное зодчество,293,извест,131199,3.055545676033944e-05,-10.395967270937131
Text_23,Деревянное зодчество,294,ным,125439,0.4576984643936157,-0.7815446863781673
Text_23,Деревянное зодчество,295,мин,97868,0.00034578682971186936,-7.969688071872231
Text_23,Деревянное зодчество,296,ус,43055,0.02281554415822029,-3.78031321398997
Text_23,Деревянное зодчество,297,ам,23763,0.843134880065918,-0.17062833370073444
Text_23,Деревянное зодчество,298,дерев,134818,0.05937006697058678,-2.823965102679526
Text_23,Деревянное зодчество,299,ян,130177,0.23018623888492584,-1.468866563434594
Text_23,Деревянное зодчество,300,ных,43686,0.09187069535255432,-2.387373175852318
Text_23,Деревянное зодчество,301,издели,143880,0.41429316997528076,-0.8811814157327629
Text_23,Деревянное зодчество,302,й,12141,0.9974276423454285,-0.0025756718512759047
Text_23,Деревянное зодчество,303,можно,90298,0.01204597856849432,-4.419024403500965
Text_23,Деревянное зодчество,304,от,20264,0.010890375822782516,-4.519875831817094
Text_23,Деревянное зодчество,305,нести,138967,0.6307218074798584,-0.46089038928137166
Text_23,Деревянное зодчество,306,их,128488,0.009509214200079441,-4.655494034642209
Text_23,Деревянное зодчество,307,выс,131799,0.027751393616199493,-3.5844692196471106
Text_23,Деревянное зодчество,308,ок,14746,0.8753777146339417,-0.13309981190152026
Text_23,Деревянное зодчество,309,ую,33048,0.07349734753370285,-2.6105059613913646
Text_23,Деревянное зодчество,310,под,39742,0.0012030286015942693,-6.72291306704839
Text_23,Деревянное зодчество,311,вер,48184,0.004943582694977522,-5.309664968744843
Text_23,Деревянное зодчество,312,жен,125730,0.14480946958065033,-1.9323364035124297
Text_23,Деревянное зодчество,313,ность,60279,0.9813482761383057,-0.01882786087429974
Text_23,Деревянное зодчество,314,п,5063,0.018004002049565315,-4.0171612097120155
Text_23,Деревянное зодчество,315,ож,21259,0.22948260605335236,-1.4719280429709922
Text_23,Деревянное зодчество,316,арам,57710,0.0005493565113283694,-7.506762944100935
Text_23,Деревянное зодчество,317,.,13,0.001041638315655291,-6.866960501803191
Text_23,Деревянное зодчество,318,М,44358,0.007167167961597443,-4.93824468683301
Text_23,Деревянное зодчество,319,ал,15952,0.07597027719020844,-2.57741310479381
Text_23,Деревянное зодчество,320,ов,6715,0.0029866467230021954,-5.813604018251932
Text_23,Деревянное зодчество,321,ер,7599,0.06856691837310791,-2.67994510002421
Text_23,Деревянное зодчество,322,оя,60290,0.6707537770271301,-0.39935315864174703
Text_23,Деревянное зодчество,323,т,1792,0.9646012187004089,-0.03604050792238574
Text_23,Деревянное зодчество,324,но,13685,0.07170098274946213,-2.6352508250623754
Text_23,Деревянное зодчество,325,",",11,0.4834948778152466,-0.7267145581154391
Text_23,Деревянное зодчество,326,что,47389,0.5118656754493713,-0.6696930410010495
Text_23,Деревянное зодчество,327,люди,132782,0.004615497775375843,-5.378335556524035
Text_23,Деревянное зодчество,328,когда,128895,0.00013791845412924886,-8.88884795957133
Text_23,Деревянное зодчество,329,-,12,0.7476377487182617,-0.2908367114728709
Text_23,Деревянное зодчество,330,либо,130598,0.5102293491363525,-0.672894950161463
Text_23,Деревянное зодчество,331,совсем,136845,2.8910981200169772e-05,-10.451289062692876
Text_23,Деревянное зодчество,332,от,20264,0.004200650379061699,-5.472515913523625
Text_23,Деревянное зодчество,333,каж,143847,0.003945039585232735,-5.535296290455116
Text_23,Деревянное зодчество,334,ут,37421,0.9230542182922363,-0.08006730482612122
Text_23,Деревянное зодчество,335,ся,20562,0.039320386946201324,-3.2360121428003894
Text_23,Деревянное зодчество,336,от,20264,0.3081757426261902,-1.1770850657926422
Text_23,Деревянное зодчество,337,использования,138719,0.012291527353227139,-4.398845087029234
Text_23,Деревянное зодчество,338,материалов,139696,0.000649521651212126,-7.339274387209647
Text_23,Деревянное зодчество,339,из,23064,0.019262783229351044,-3.949580374778794
Text_23,Деревянное зодчество,340,дер,134817,0.6518306136131287,-0.4279705458799583
Text_23,Деревянное зодчество,341,ева,130518,0.987602174282074,-0.012475319931849199
Text_23,Деревянное зодчество,342,.,13,0.2381851226091385,-1.4347070815717837
