﻿text_id,title,position,token,token_id,probability,log_probability
Text_4,Футбольные правила,1,ут,37421,0.004771823063492775,-5.345026853494904
Text_4,Футбольные правила,2,бол,125302,0.2376699149608612,-1.4368724798923458
Text_4,Футбольные правила,3,-,481,0.022760750725865364,-3.7827176858275
Text_4,Футбольные правила,4,один,129385,0.00018870133499149233,-8.5753450309381
Text_4,Футбольные правила,5,из,23064,0.7082693576812744,-0.3449308089383096
Text_4,Футбольные правила,6,самых,135041,0.556157112121582,-0.5867044488903237
Text_4,Футбольные правила,7,популяр,133051,0.4594366252422333,-0.7777542678251932
Text_4,Футбольные правила,8,ных,43686,0.9849473834037781,-0.015167057101017782
Text_4,Футбольные правила,9,вид,72920,0.2831133306026459,-1.2619080000087541
Text_4,Футбольные правила,10,ов,6715,0.835514485836029,-0.1797075931723579
Text_4,Футбольные правила,11,сп,83614,0.5928310751914978,-0.5228457853359054
Text_4,Футбольные правила,12,ор,9062,0.9007142782211304,-0.10456718795755614
Text_4,Футбольные правила,13,та,43513,0.8740249872207642,-0.13464631423783166
Text_4,Футбольные правила,14,.,13,0.050233472138643265,-2.9910736988104016
Text_4,Футбольные правила,15,Ч,124713,0.01297091506421566,-4.345045730774277
Text_4,Футбольные правила,16,ем,10090,0.25711795687675476,-1.3582203232101204
Text_4,Футбольные правила,17,пи,128662,0.39157265424728394,-0.937584201593271
Text_4,Футбольные правила,18,он,17316,0.9360827207565308,-0.06605142953291566
Text_4,Футбольные правила,19,ат,7972,0.9645035862922668,-0.03614172835164678
Text_4,Футбольные правила,20,ы,4552,0.041953932493925095,-3.171183108056624
Text_4,Футбольные правила,21,мира,135093,0.6132669448852539,-0.4889549649407194
Text_4,Футбольные правила,22,или,45077,0.0011995082022622228,-6.725843637640191
Text_4,Футбольные правила,23,Е,59276,0.006189693696796894,-5.084869677064605
Text_4,Футбольные правила,24,в,5474,0.5316682457923889,-0.6317355822932884
Text_4,Футбольные правила,25,р,2184,0.8974926471710205,-0.10815035122037045
Text_4,Футбольные правила,26,оп,28156,0.9981405735015869,-0.0018611573778260838
Text_4,Футбольные правила,27,ы,4552,0.04988578334450722,-2.998019219732897
Text_4,Футбольные правила,28,по,17686,0.14565466344356537,-1.9265167779391408
Text_4,Футбольные правила,29,зр,143220,1.8981492644343234e-07,-15.477216310852075
Text_4,Футбольные правила,30,ели,60542,0.25148123502731323,-1.3803869044434156
Text_4,Футбольные правила,31,щ,14144,0.19746196269989014,-1.622209307114159
Text_4,Футбольные правила,32,ности,67642,0.0006922823959030211,-7.275516599026221
Text_4,Футбольные правила,33,могут,129348,0.006603545043617487,-5.02014864633044
Text_4,Футбольные правила,34,с,5409,0.010386491194367409,-4.56724924078584
Text_4,Футбольные правила,35,опер,132011,0.0010074095334857702,-6.900373061241308
Text_4,Футбольные правила,36,нич,132075,0.5101228952407837,-0.673103611232268
Text_4,Футбольные правила,37,ать,17998,0.9835794568061829,-0.016556854577828118
Text_4,Футбольные правила,38,с,5409,0.09206695109605789,-2.3852392372946944
Text_4,Футбольные правила,39,О,34348,0.0006259531364776194,-7.376235051523302
Text_4,Футбольные правила,40,лим,135757,0.7369539141654968,-0.305229920409456
Text_4,Футбольные правила,41,п,8005,0.9172518253326416,-0.08637322574312023
Text_4,Футбольные правила,42,ий,43838,0.9422854781150818,-0.05944699499389696
Text_4,Футбольные правила,43,ск,65044,0.031099706888198853,-3.4705568846581194
Text_4,Футбольные правила,44,ими,125796,0.9565218687057495,-0.04445162710574125
Text_4,Футбольные правила,45,иг,70522,0.19600078463554382,-1.6296366165170622
Text_4,Футбольные правила,46,рам,37708,0.9383441209793091,-0.0636385305393701
Text_4,Футбольные правила,47,и,1802,0.874747097492218,-0.1338204658396239
Text_4,Футбольные правила,48,.,13,0.3189397156238556,-1.1427531732916807
Text_4,Футбольные правила,49,С,27499,0.03470420837402344,-3.360894320592701
Text_4,Футбольные правила,50,чит,90253,0.0022057078313082457,-6.116706809665456
Text_4,Футбольные правила,51,ается,67171,0.6895609498023987,-0.371700188552748
Text_4,Футбольные правила,52,",",11,0.9373961091041565,-0.06464934423379007
Text_4,Футбольные правила,53,что,47389,0.9826617240905762,-0.017490344112241214
Text_4,Футбольные правила,54,футбол,138371,0.03873543441295624,-3.251000479962934
Text_4,Футбольные правила,55,был,128897,0.017901094630360603,-4.022893415471056
Text_4,Футбольные правила,56,«,12486,0.0011828355491161346,-6.739840715385064
Text_4,Футбольные правила,57,из,40773,0.007734527811408043,-4.862060842533719
Text_4,Футбольные правила,58,обр,131014,0.05577201023697853,-2.8864831440988787
Text_4,Футбольные правила,59,ет,8178,0.9250293374061584,-0.07792982585789131
Text_4,Футбольные правила,60,ён,131069,0.13023172318935394,-2.0384399291976143
Text_4,Футбольные правила,61,»,12992,0.721103847026825,-0.32697212013144766
Text_4,Футбольные правила,62,в,5805,0.3974292576313019,-0.9227383289491138
Text_4,Футбольные правила,63,Ан,127128,0.014179734513163567,-4.255941480679409
Text_4,Футбольные правила,64,г,15390,0.8216709494590759,-0.1964152688636214
Text_4,Футбольные правила,65,ли,11073,0.9911437034606934,-0.008895746627339624
Text_4,Футбольные правила,66,и,1802,0.9389358758926392,-0.06300809188992447
Text_4,Футбольные правила,67,",",11,0.14256758987903595,-1.9479390767846032
Text_4,Футбольные правила,68,хотя,132957,0.01872127503156662,-3.978094699591507
Text_4,Футбольные правила,69,в,5805,0.1227186769247055,-2.0978607226737087
Text_4,Футбольные правила,70,других,130599,0.005741848610341549,-5.159974062949271
Text_4,Футбольные правила,71,стран,126540,0.8142274022102356,-0.20551558809978518
Text_4,Футбольные правила,72,ах,126202,0.9931233525276184,-0.006900400569694645
Text_4,Футбольные правила,73,также,128547,0.01371350884437561,-4.289373884938381
Text_4,Футбольные правила,74,существ,127339,0.03885643929243088,-3.24788146835017
Text_4,Футбольные правила,75,ов,6715,0.5477971434593201,-0.6018502367353568
Text_4,Футбольные правила,76,али,47255,0.9146364331245422,-0.08922863351490203
Text_4,Футбольные правила,77,по,17686,0.00864720530807972,-4.7505190960129315
Text_4,Футбольные правила,78,хож,132114,0.0907474085688591,-2.3996753619599502
Text_4,Футбольные правила,79,ие,49206,0.943566083908081,-0.058088875388275396
Text_4,Футбольные правила,80,на,13073,0.02173854596912861,-3.8286682822705984
Text_4,Футбольные правила,81,футбол,138371,0.002396093215793371,-6.033915694730541
Text_4,Футбольные правила,82,игры,131420,0.0014111835043877363,-6.563326561847712
Text_4,Футбольные правила,83,.,13,0.5711089372634888,-0.5601753042243667
Text_4,Футбольные правила,84,В,22933,0.08618921041488647,-2.4512102783476606
Text_4,Футбольные правила,85,фут,138370,0.00031381635926663876,-8.066702586243332
Text_4,Футбольные правила,86,боль,131989,0.8917048573493958,-0.11462007856512733
Text_4,Футбольные правила,87,ном,93862,0.15629054605960846,-1.8560385292470793
Text_4,Футбольные правила,88,мат,95473,0.14969946444034576,-1.8991255651157544
Text_4,Футбольные правила,89,че,128369,0.851560115814209,-0.16068518147220248
Text_4,Футбольные правила,90,иг,70522,0.00785216223448515,-4.846966341232063
Text_4,Футбольные правила,91,ра,22127,0.9910876154899597,-0.00895233736951224
Text_4,Футбольные правила,92,ют,69029,0.027402594685554504,-3.5971175735184637
Text_4,Футбольные правила,93,две,132676,0.005211315117776394,-5.256923033231814
Text_4,Футбольные правила,94,команд,131418,0.643990159034729,-0.44007183399651273
Text_4,Футбольные правила,95,ы,4552,0.9963807463645935,-0.003625818979729725
Text_4,Футбольные правила,96,.,13,0.04379011690616608,-3.1283471284723237
Text_4,Футбольные правила,97,С,27499,0.02794802561402321,-3.5774087218037596
Text_4,Футбольные правила,98,ог,14497,0.022886741906404495,-3.7771974921339186
Text_4,Футбольные правила,99,лас,125608,0.8964214324951172,-0.10934462781964344
Text_4,Футбольные правила,100,но,13685,0.9827207922935486,-0.01743023550488587
Text_4,Футбольные правила,101,прав,72126,0.01642037183046341,-4.1092325302408375
Text_4,Футбольные правила,102,ил,63192,0.9598931670188904,-0.040933285068140944
Text_4,Футбольные правила,103,ам,23763,0.7452498078346252,-0.29403580427756176
Text_4,Футбольные правила,104,",",11,0.20156274735927582,-1.6016545447839883
Text_4,Футбольные правила,105,в,5805,0.04757281765341759,-3.0454937385616248
Text_4,Футбольные правила,106,каждой,143285,0.010399199090898037,-4.566026486290844
Text_4,Футбольные правила,107,команд,131418,0.7373536229133606,-0.3046876878730218
Text_4,Футбольные правила,108,е,1504,0.9860203862190247,-0.014078248914716537
Text_4,Футбольные правила,109,должно,136648,0.015948668122291565,-4.138379956542483
Text_4,Футбольные правила,110,быть,61631,0.7813214659690857,-0.24676860567481054
Text_4,Футбольные правила,111,по,17686,0.006609752308577299,-5.019209098047981
Text_4,Футбольные правила,112,де,125543,0.0003037022252101451,-8.099462858938606
Text_4,Футбольные правила,113,ся,20562,0.9161299467086792,-0.08759706115055958
Text_4,Футбольные правила,114,ть,28793,0.18062900006771088,-1.7113100746570633
Text_4,Футбольные правила,115,пол,28519,0.00042385488632135093,-7.766119410555052
Text_4,Футбольные правила,116,евых,139882,0.002849393989890814,-5.8606489424376615
Text_4,Футбольные правила,117,игрок,134633,0.030524997040629387,-3.4892093559344515
Text_4,Футбольные правила,118,ов,6715,0.9968982934951782,-0.0031065267663811487
Text_4,Футбольные правила,119,и,7587,0.09812761098146439,-2.321486494505271
Text_4,Футбольные правила,120,од,52319,0.008010567165911198,-4.82699371317872
Text_4,Футбольные правила,121,ному,130290,0.06306127458810806,-2.763648412762034
Text_4,Футбольные правила,122,в,5805,0.04759049788117409,-3.0451221620174365
Text_4,Футбольные правила,123,рат,80559,0.0034071910195052624,-5.681867075099158
Text_4,Футбольные правила,124,ар,17273,0.011506420560181141,-4.464850089828772
Text_4,Футбольные правила,125,ю,11916,0.10952945798635483,-2.2115617431992645
Text_4,Футбольные правила,126,",",11,0.10789605975151062,-2.2265869249797285
Text_4,Футбольные правила,127,но,128330,0.042132291942834854,-3.16694080278959
Text_4,Футбольные правила,128,если,46253,0.006210660096257925,-5.0814880929920285
Text_4,Футбольные правила,129,в,5805,0.10695256292819977,-2.2353698799428154
Text_4,Футбольные правила,130,футбол,138371,0.004928742069751024,-5.312671481751459
Text_4,Футбольные правила,131,иг,70522,0.0584479495882988,-2.8396186714347356
Text_4,Футбольные правила,132,ра,22127,0.9928927421569824,-0.007132634711492033
Text_4,Футбольные правила,133,ют,69029,0.38200101256370544,-0.9623320196887466
Text_4,Футбольные правила,134,двор,140732,1.6646498579575564e-06,-13.305895752168057
Text_4,Футбольные правила,135,овые,129377,0.01978977583348751,-3.9225898466936906
Text_4,Футбольные правила,136,люб,125389,0.00014192301023285836,-8.860225828855272
Text_4,Футбольные правила,137,итель,54908,0.06985101848840714,-2.6613906123059112
Text_4,Футбольные правила,138,ские,129086,0.7939034104347229,-0.23079347446142626
Text_4,Футбольные правила,139,команд,131418,0.3344535529613495,-1.09525726417814
Text_4,Футбольные правила,140,ы,4552,0.996623158454895,-0.00338255594255178
Text_4,Футбольные правила,141,",",11,0.7546610832214355,-0.2814865269127111
Text_4,Футбольные правила,142,то,58246,0.6260880827903748,-0.46826421044751976
Text_4,Футбольные правила,143,игрок,134633,0.013744868338108063,-4.287089736304362
Text_4,Футбольные правила,144,ов,6715,0.05156606063246727,-2.9648915625811285
Text_4,Футбольные правила,145,может,66988,0.00724335340783,-4.927671001941202
Text_4,Футбольные правила,146,быть,61631,0.35667183995246887,-1.0309391357598523
Text_4,Футбольные правила,147,больше,129258,0.017247311770915985,-4.060098987016174
Text_4,Футбольные правила,148,или,45077,0.044628143310546875,-3.109390603031414
Text_4,Футбольные правила,149,меньше,137201,0.3923928737640381,-0.9354917120979402
Text_4,Футбольные правила,150,.,13,0.09762053936719894,-2.3266673633673385
Text_4,Футбольные правила,151,Ф,66791,0.025747107341885567,-3.6594329944200332
Text_4,Футбольные правила,152,ут,37421,0.8811679482460022,-0.12650703756384316
Text_4,Футбольные правила,153,бол,125302,0.8569006323814392,-0.15443331531989404
Text_4,Футбольные правила,154,–,1365,0.002430317457765341,-6.019733389106784
Text_4,Футбольные правила,155,это,67879,0.26994815468788147,-1.3095253580964135
Text_4,Футбольные правила,156,иг,70522,0.027790114283561707,-3.583074922837415
Text_4,Футбольные правила,157,ра,22127,0.8883342742919922,-0.1184071718103463
Text_4,Футбольные правила,158,ног,135960,5.165002221474424e-05,-9.871019932297186
Text_4,Футбольные правила,159,ами,49707,0.02193484641611576,-3.819678746161175
Text_4,Футбольные правила,160,;,26,0.004988383501768112,-5.3006433692425095
Text_4,Футбольные правила,161,рук,126722,0.00014226643543224782,-8.85780895256519
Text_4,Футбольные правила,162,ами,49707,0.4334172010421753,-0.8360545020606776
Text_4,Футбольные правила,163,мя,141224,0.00021198672766331583,-8.458986890613778
Text_4,Футбольные правила,164,ча,128629,0.3130827248096466,-1.1612878268457125
Text_4,Футбольные правила,165,может,66988,0.0018086145864799619,-6.315194148623536
Text_4,Футбольные правила,166,к,7665,0.000539722794201225,-7.524454894283937
Text_4,Футбольные правила,167,ас,17953,0.02875509485602379,-3.548940315055601
Text_4,Футбольные правила,168,аться,97681,0.989364743232727,-0.010692215316350123
Text_4,Футбольные правила,169,только,73626,0.1611153930425644,-1.8256344437513399
Text_4,Футбольные правила,170,в,5805,0.05972513183951378,-2.818002378330025
Text_4,Футбольные правила,171,рат,80559,0.003875411581248045,-5.553103407301564
Text_4,Футбольные правила,172,арь,134187,0.004194971639662981,-5.473868699595241
Text_4,Футбольные правила,173,и,7587,0.08460333943367004,-2.4697815399377765
Text_4,Футбольные правила,174,только,73626,0.0005028729792684317,-7.595172946059976
Text_4,Футбольные правила,175,в,5805,0.24088075757026672,-1.4234532498025334
Text_4,Футбольные правила,176,площад,132228,8.045021240832284e-05,-9.427872044276754
Text_4,Футбольные правила,177,и,1802,0.15255330502986908,-1.8802412028304876
Text_4,Футбольные правила,178,рядом,140284,0.0001463942026020959,-8.829207556933612
Text_4,Футбольные правила,179,со,33843,0.03113359399139881,-3.4694678501357603
Text_4,Футбольные правила,180,своими,137581,0.0009600408957339823,-6.948534674686837
Text_4,Футбольные правила,181,в,5805,0.013283124193549156,-4.321260907063754
Text_4,Футбольные правила,182,ор,9062,0.05816858634352684,-2.844409823511777
Text_4,Футбольные правила,183,от,13039,0.29981040954589844,-1.2046049722823375
Text_4,Футбольные правила,184,ами,49707,0.99272620677948,-0.007300376239122124
Text_4,Футбольные правила,185,.,13,0.540420413017273,-0.6154078997063394
Text_4,Футбольные правила,186,Если,71144,0.019542871043086052,-3.93514471158023
Text_4,Футбольные правила,187,рук,126722,0.0002666889922693372,-8.22942740145885
Text_4,Футбольные правила,188,ами,49707,0.41698727011680603,-0.8746995849471303
Text_4,Футбольные правила,189,сы,128167,0.00037180064828135073,-7.897152739049212
Text_4,Футбольные правила,190,г,15390,0.6868871450424194,-0.37558527239014916
Text_4,Футбольные правила,191,ра,22127,0.9358060956001282,-0.06634698678610199
Text_4,Футбольные правила,192,ет,8178,0.034133899956941605,-3.377464254881599
Text_4,Футбольные правила,193,пол,28519,0.004034355748444796,-5.512908655821105
Text_4,Футбольные правила,194,евой,135790,0.027048682793974876,-3.6101169701072804
Text_4,Футбольные правила,195,игрок,134633,0.5999864339828491,-0.510848234050186
Text_4,Футбольные правила,196,",",11,0.8636744022369385,-0.14655943046641207
Text_4,Футбольные правила,197,то,58246,0.7158874869346619,-0.33423226552216284
Text_4,Футбольные правила,198,в,5805,0.06094389036297798,-2.797801668227259
Text_4,Футбольные правила,199,сторон,132520,0.006464330479502678,-5.041455832909554
Text_4,Футбольные правила,200,у,3780,0.4481933116912842,-0.8025306403253055
Text_4,Футбольные правила,201,его,72285,0.08628352731466293,-2.4501165761148354
Text_4,Футбольные правила,202,в,5805,0.1855406016111374,-1.6844815442747327
Text_4,Футбольные правила,203,ор,9062,0.618618905544281,-0.4802658573742442
Text_4,Футбольные правила,204,от,13039,0.7928428053855896,-0.2321303047579295
Text_4,Футбольные правила,205,будет,68823,0.005780356004834175,-5.153290005662729
Text_4,Футбольные правила,206,назначен,139779,1.2575820619531441e-05,-11.283734586093255
Text_4,Футбольные правила,207,ш,54517,0.020035896450281143,-3.910229791683335
Text_4,Футбольные правила,208,т,1792,0.28219515085220337,-1.2651564230838326
Text_4,Футбольные правила,209,раф,125381,0.14745065569877625,-1.9142616968078756
Text_4,Футбольные правила,210,ной,38888,0.013076724484562874,-4.336921385983332
Text_4,Футбольные правила,211,удар,141344,0.000796191394329071,-7.135670955885166
Text_4,Футбольные правила,212,.,13,0.33101886510849,-1.1055799109437185
Text_4,Футбольные правила,213,Также,134075,0.007725654169917107,-4.863208777593745
Text_4,Футбольные правила,214,ш,54517,0.005237081553786993,-5.251990891190611
Text_4,Футбольные правила,215,т,1792,0.9868848323822021,-0.01320193087333579
Text_4,Футбольные правила,216,раф,125381,0.962862491607666,-0.03784466906438134
Text_4,Футбольные правила,217,ные,42965,0.11802242696285248,-2.136880613568173
Text_4,Футбольные правила,218,удар,141344,0.6342077255249023,-0.4553787354243291
Text_4,Футбольные правила,219,ы,4552,0.9239387512207031,-0.07910949609518445
Text_4,Футбольные правила,220,будут,130414,0.00727242324501276,-4.923665721791175
Text_4,Футбольные правила,221,наз,127550,0.025746289640665054,-3.6594647538792455
Text_4,Футбольные правила,222,нач,30181,0.382096529006958,-0.9620820085617542
Text_4,Футбольные правила,223,аться,97681,0.013976078480482101,-4.270408090791069
Text_4,Футбольные правила,224,и,7587,0.009455607272684574,-4.661147351257379
Text_4,Футбольные правила,225,при,36305,0.024867450818419456,-3.6941955266849327
Text_4,Футбольные правила,226,других,130599,0.0028393405955284834,-5.864183438441126
Text_4,Футбольные правила,227,на,13073,0.002475471468642354,-6.0013244087221045
Text_4,Футбольные правила,228,руш,134621,0.1541534811258316,-1.8698065421879242
Text_4,Футбольные правила,229,ения,18492,0.4679565131664276,-0.7593799079664316
Text_4,Футбольные правила,230,х,10474,0.9912959337234497,-0.008742167915332241
Text_4,Футбольные правила,231,прав,72126,0.010949164628982544,-4.514492115220461
Text_4,Футбольные правила,232,ил,63192,0.4244070053100586,-0.8570623659929144
Text_4,Футбольные правила,233,.,13,0.1614423543214798,-1.8236071392232633
Text_4,Футбольные правила,234,Глав,136201,0.009999296627938747,-4.605240525667994
Text_4,Футбольные правила,235,ная,43758,0.09889332205057144,-2.3137135648721134
Text_4,Футбольные правила,236,цель,142963,0.07042232155799866,-2.6532449984882365
Text_4,Футбольные правила,237,в,5805,0.03237318992614746,-3.430424670142503
Text_4,Футбольные правила,238,футбол,138371,0.350700706243515,-1.04782210802704
Text_4,Футбольные правила,239,е,1504,0.2114812135696411,-1.5536191091707836
Text_4,Футбольные правила,240,–,1365,0.40978169441223145,-0.8921307137401294
Text_4,Футбольные правила,241,заб,140335,0.0013984359102323651,-6.572400873878725
Text_4,Футбольные правила,242,ить,17787,0.1890612244606018,-1.6656843774344035
Text_4,Футбольные правила,243,гол,138325,0.016261380165815353,-4.11896229741821
Text_4,Футбольные правила,244,в,5805,0.07220398634672165,-2.628260022049042
Text_4,Футбольные правила,245,в,5805,0.005890585016459227,-5.134399962573624
Text_4,Футбольные правила,246,ор,9062,0.6807244420051575,-0.38459769201090144
Text_4,Футбольные правила,247,от,13039,0.9147027134895325,-0.08915616978925343
Text_4,Футбольные правила,248,а,1478,0.011471218429505825,-4.467914125975553
Text_4,Футбольные правила,249,с,5409,0.013305171392858028,-4.3196024927971965
Text_4,Футбольные правила,250,опер,132011,0.002895448822528124,-5.844615146285188
Text_4,Футбольные правила,251,ника,87496,0.889771580696106,-0.11679050009968259
Text_4,Футбольные правила,252,",",11,0.19611376523971558,-1.629060353242291
Text_4,Футбольные правила,253,чтобы,81150,0.04404515027999878,-3.1225400284611906
Text_4,Футбольные правила,254,мя,141224,0.00014718426973558962,-8.823825220589088
Text_4,Футбольные правила,255,ч,6020,0.5128436088562012,-0.6677843363202105
Text_4,Футбольные правила,256,пер,27016,0.003547008614987135,-5.641650674384147
Text_4,Футбольные правила,257,ес,22484,0.053902387619018555,-2.9205805048494176
Text_4,Футбольные правила,258,ё,44022,0.005871912930160761,-5.137574815749756
Text_4,Футбольные правила,259,к,4793,0.13060978055000305,-2.0355411755870363
Text_4,Футбольные правила,260,л,25460,4.614774297806434e-05,-9.983662504428818
Text_4,Футбольные правила,261,ин,18943,0.04454108327627182,-3.1113432960236245
Text_4,Футбольные правила,262,ию,128537,0.3825644254684448,-0.9608582073014825
Text_4,Футбольные правила,263,в,5805,0.03518193960189819,-3.347222407539937
Text_4,Футбольные правила,264,ор,9062,0.1801384538412094,-1.7140295357586932
Text_4,Футбольные правила,265,от,13039,0.6665291786193848,-0.40567136144784505
Text_4,Футбольные правила,266,.,13,0.06938740611076355,-2.6680498960813317
Text_4,Футбольные правила,267,Ч,124713,0.01241309940814972,-4.389002960090019
Text_4,Футбольные правила,268,ья,125170,0.0006659948267042637,-7.31422865516537
Text_4,Футбольные правила,269,ком,43116,0.018801014870405197,-3.973844428134873
Text_4,Футбольные правила,270,ан,7336,0.984447717666626,-0.015674487781232156
Text_4,Футбольные правила,271,да,39490,0.9981837868690491,-0.0018178644457487686
Text_4,Футбольные правила,272,за,43846,0.00292608723975718,-5.83408916146395
Text_4,Футбольные правила,273,матч,138357,3.772311538341455e-05,-10.185237511260306
Text_4,Футбольные правила,274,заб,140335,0.010951143689453602,-4.5143113816483424
Text_4,Футбольные правила,275,ь,4824,0.0005324892699718475,-7.537947810871324
Text_4,Футбольные правила,276,ёт,127138,0.16543781757354736,-1.7991598793983377
Text_4,Футбольные правила,277,больше,129258,0.6857972741127014,-0.37717321371668244
Text_4,Футбольные правила,278,голов,132169,0.02424679696559906,-3.7194707542153127
Text_4,Футбольные правила,279,",",11,0.3900192081928253,-0.9415592892947987
Text_4,Футбольные правила,280,т,10813,0.012593737803399563,-4.3745555883002005
Text_4,Футбольные правила,281,а,1478,0.008506921119987965,-4.766875197396729
Text_4,Футбольные правила,282,призна,132545,9.307306640948809e-07,-13.887295898951542
Text_4,Футбольные правила,283,ёт,127138,0.08582370728254318,-2.455460002000077
Text_4,Футбольные правила,284,ся,20562,0.46578526496887207,-0.7640305558474728
Text_4,Футбольные правила,285,побед,138022,0.38917896151542664,-0.9437159858471088
Text_4,Футбольные правила,286,итель,54908,0.0296159740537405,-3.5194413992406384
Text_4,Футбольные правила,287,ниц,131182,0.019105147570371628,-3.957797473937673
Text_4,Футбольные правила,288,ей,21032,0.9254788756370544,-0.07744397204046927
Text_4,Футбольные правила,289,;,26,0.01912185363471508,-3.9569234286356427
Text_4,Футбольные правила,290,если,46253,0.3217698633670807,-1.1339186990048307
Text_4,Футбольные правила,291,голов,132169,0.0015704071847721934,-6.456420339890103
Text_4,Футбольные правила,292,заб,140335,0.13640601933002472,-1.992119404560956
Text_4,Футбольные правила,293,ит,9358,0.007863339968025684,-4.845543830480402
Text_4,Футбольные правила,294,о,1456,0.17216673493385315,-1.759291882572608
Text_4,Футбольные правила,295,один,129385,0.0006559109315276146,-7.329485553348803
Text_4,Футбольные правила,296,ак,15869,0.24358224868774414,-1.412300616541563
Text_4,Футбольные правила,297,овое,135885,0.16890226304531097,-1.7784350565292462
Text_4,Футбольные правила,298,количество,88601,0.32342296838760376,-1.1287943127543547
Text_4,Футбольные правила,299,",",11,0.5885829925537109,-0.530037338344176
Text_4,Футбольные правила,300,то,58246,0.31004971265792847,-1.1710226309471101
Text_4,Футбольные правила,301,объ,47340,0.0002295512822456658,-8.379384101374534
Text_4,Футбольные правила,302,яв,126478,0.6148409247398376,-0.4863917035932311
Text_4,Футбольные правила,303,ля,13695,0.585454523563385,-0.5353667700738427
Text_4,Футбольные правила,304,ется,49719,0.9493110775947571,-0.05201873893803313
Text_4,Футбольные правила,305,нич,134009,0.0003617324691731483,-7.924605654793103
Text_4,Футбольные правила,306,ья,125170,0.1427108645439148,-1.9469346218409949
Text_4,Футбольные правила,307,.,13,0.43943193554878235,-0.8222724417710393
