﻿text_id,title,position,token,token_id,probability,log_probability
Text_30,Тайна третьей планеты,1,о,1456,0.001349794794805348,-6.607802701933445
Text_30,Тайна третьей планеты,2,от,13039,0.0032705178018659353,-5.722806957414409
Text_30,Тайна третьей планеты,3,ех,97185,0.05261613801121712,-2.944732399996997
Text_30,Тайна третьей планеты,4,ник,69859,0.030158404260873795,-3.5012916463643404
Text_30,Тайна третьей планеты,5,А,56755,0.00485982047393918,-5.326753781270702
Text_30,Тайна третьей планеты,6,й,12141,0.0180821530520916,-4.012829846368552
Text_30,Тайна третьей планеты,7,но,13685,0.0005955236847512424,-7.42606939707782
Text_30,Тайна третьей планеты,8,Л,124805,0.0006822999566793442,-7.2900411776349925
Text_30,Тайна третьей планеты,9,ех,97185,0.0014293608255684376,-6.550527909760446
Text_30,Тайна третьей планеты,10,тин,132003,0.0009385229786857963,-6.971203217756048
Text_30,Тайна третьей планеты,11,ен,5259,0.0019012215780094266,-6.265258663609979
Text_30,Тайна третьей планеты,12,по,17686,0.000678666343446821,-7.2953809452192235
Text_30,Тайна третьей планеты,13,дорог,131488,5.5024233006406575e-05,-9.80773686965105
Text_30,Тайна третьей планеты,14,е,1504,0.5919042825698853,-0.5244103420187023
Text_30,Тайна третьей планеты,15,дом,126711,0.0007638190290890634,-7.177179669776649
Text_30,Тайна третьей планеты,16,ой,16339,0.10992908477783203,-2.207919804925594
Text_30,Тайна третьей планеты,17,з,10885,0.00023484711709897965,-8.356575821065956
Text_30,Тайна третьей планеты,18,ас,17953,0.09841538220643997,-2.3185581639049544
Text_30,Тайна третьей планеты,19,к,4793,0.006070390343666077,-5.104332368949331
Text_30,Тайна третьей планеты,20,оч,37338,0.038869068026542664,-3.247556511083025
Text_30,Тайна третьей планеты,21,ила,126463,0.06599543988704681,-2.7181696319632196
Text_30,Тайна третьей планеты,22,на,13073,0.12467759102582932,-2.082024145525439
Text_30,Тайна третьей планеты,23,ф,17574,0.004267169628292322,-5.456804522041156
Text_30,Тайна третьей планеты,24,ер,7599,0.07931841164827347,-2.534285000136767
Text_30,Тайна третьей планеты,25,му,125469,0.0031985025852918625,-5.745072520791819
Text_30,Тайна третьей планеты,26,к,7665,0.012383226305246353,-4.391412439437986
Text_30,Тайна третьей планеты,27,своем,136548,0.000224135656026192,-8.403259082155522
Text_30,Тайна третьей планеты,28,у,3780,0.6560139656066895,-0.4215732012300687
Text_30,Тайна третьей планеты,29,друг,80742,0.014130895026028156,-4.259391742039213
Text_30,Тайна третьей планеты,30,у,3780,0.8938019871711731,-0.11227101920133137
Text_30,Тайна третьей планеты,31,и,7587,0.046898964792490005,-3.0597596764283055
Text_30,Тайна третьей планеты,32,кол,50448,0.0003517587319947779,-7.95256503784356
Text_30,Тайна третьей планеты,33,лег,129495,0.053714778274297714,-2.9240671146893766
Text_30,Тайна третьей планеты,34,е,1504,0.22404561936855316,-1.4959055899672244
Text_30,Тайна третьей планеты,35,Я,128557,0.00047617271775379777,-7.6497299171239295
Text_30,Тайна третьей планеты,36,р,2184,0.008981998078525066,-4.712532918241679
Text_30,Тайна третьей планеты,37,ри,30103,0.003691726131364703,-5.601661144029896
Text_30,Тайна третьей планеты,38,.,13,0.07708082348108292,-2.562900752033219
Text_30,Тайна третьей планеты,39,Ф,66791,0.005519096273928881,-5.1995411505876135
Text_30,Тайна третьей планеты,40,ер,7599,0.8174000978469849,-0.20162658814682308
Text_30,Тайна третьей планеты,41,мер,63034,0.0029531773179769516,-5.824873631298752
Text_30,Тайна третьей планеты,42,раз,38379,0.0008838592912070453,-7.031212680838681
Text_30,Тайна третьей планеты,43,рав,26988,4.421582707436755e-05,-10.026427754369864
Text_30,Тайна третьей планеты,44,ня,39151,0.07471858710050583,-2.5940263944948043
Text_30,Тайна третьей планеты,45,л,3038,0.6194716095924377,-0.4788884069010255
Text_30,Тайна третьей планеты,46,перед,77657,0.00012882307055406272,-8.957070641125389
Text_30,Тайна третьей планеты,47,дом,126711,0.001947543816640973,-6.241186281555408
Text_30,Тайна третьей планеты,48,ом,12228,0.32995855808258057,-1.1087882139755743
Text_30,Тайна третьей планеты,49,площад,132228,7.732732046861202e-05,-9.467463230550013
Text_30,Тайна третьей планеты,50,ку,35252,0.18984724581241608,-1.6615354995867164
Text_30,Тайна третьей планеты,51,около,134305,0.001139273401349783,-6.777364587017612
Text_30,Тайна третьей планеты,52,три,131703,0.009916254319250584,-4.613580017775174
Text_30,Тайна третьей планеты,53,д,6949,0.09798473864793777,-2.3229435405207095
Text_30,Тайна третьей планеты,54,ц,10373,0.7993555068969727,-0.22394949237626063
Text_30,Тайна третьей планеты,55,ат,7972,0.713134229183197,-0.3380856165625002
Text_30,Тайна третьей планеты,56,и,1802,0.806655764579773,-0.21485826357459542
Text_30,Тайна третьей планеты,57,мет,127765,0.018882371485233307,-3.9695265178248125
Text_30,Тайна третьей планеты,58,ров,23862,0.4090522527694702,-0.8939123737170469
Text_30,Тайна третьей планеты,59,и,7587,0.2764134705066681,-1.285857452723816
Text_30,Тайна третьей планеты,60,за,43846,0.004189619328826666,-5.475145401484084
Text_30,Тайна третьей планеты,61,ли,11073,0.01628371886909008,-4.117589512732016
Text_30,Тайна третьей планеты,62,л,3038,0.01635286584496498,-4.113352115961187
Text_30,Тайна третьей планеты,63,её,134709,0.021539723500609398,-3.8378564438910936
Text_30,Тайна третьей планеты,64,л,25460,0.002783361589536071,-5.8840958769098854
Text_30,Тайна третьей планеты,65,ь,4824,0.015380511060357094,-4.174654086564828
Text_30,Тайна третьей планеты,66,д,6949,0.061885226517915726,-2.782473794692807
Text_30,Тайна третьей планеты,67,ом,12228,0.05848342552781105,-2.839011889199164
Text_30,Тайна третьей планеты,68,.,13,0.3104313611984253,-1.1697924609880026
Text_30,Тайна третьей планеты,69,–,1365,7.419969915645197e-05,-9.508750462294415
Text_30,Тайна третьей планеты,70,Я,128557,0.0178983137011528,-4.023048777212661
Text_30,Тайна третьей планеты,71,р,2184,0.8040274977684021,-0.21812180918353832
Text_30,Тайна третьей планеты,72,ри,30103,0.9655535817146301,-0.0350536823151312
Text_30,Тайна третьей планеты,73,!,0,0.0013251331401988864,-6.626242341423076
Text_30,Тайна третьей планеты,74,О,34348,0.01976049318909645,-3.924070628011514
Text_30,Тайна третьей планеты,75,",",11,0.022989818826317787,-3.7727038207810395
Text_30,Тайна третьей планеты,76,гос,126081,0.0008661639294587076,-7.051436372328914
Text_30,Тайна третьей планеты,77,под,127287,0.46547406911849976,-0.7646988892548598
Text_30,Тайна третьей планеты,78,и,1802,0.014710314571857452,-4.21920635969891
Text_30,Тайна третьей планеты,79,!,0,0.42183154821395874,-0.8631492194860519
Text_30,Тайна третьей планеты,80,Что,130802,0.005327947437763214,-5.234789211077393
Text_30,Тайна третьей планеты,81,дел,94269,0.0009230311261489987,-6.987847601225041
Text_30,Тайна третьей планеты,82,ает,26909,0.48755234479904175,-0.7183576203616525
Text_30,Тайна третьей планеты,83,т,10813,0.01681298390030861,-4.085603839859789
Text_30,Тайна третьей планеты,84,в,5474,0.039094436913728714,-3.2417751005346123
Text_30,Тайна третьей планеты,85,оя,60290,0.18708835542201996,-1.6761742848274699
Text_30,Тайна третьей планеты,86,кор,66869,0.0014036133652552962,-6.568705392175088
Text_30,Тайна третьей планеты,87,ова,125536,0.05965512990951538,-2.8191751339764934
Text_30,Тайна третьей планеты,88,?!,25984,0.02012399025261402,-3.9058426307194107
Text_30,Тайна третьей планеты,89,Г,60465,0.011021474376320839,-4.507909693251876
Text_30,Тайна третьей планеты,90,де,98946,0.04161645099520683,-3.1792597332717296
Text_30,Тайна третьей планеты,91,она,129171,0.018111083656549454,-4.011231171408785
Text_30,Тайна третьей планеты,92,так,49845,0.004377346485853195,-5.43131256332766
Text_30,Тайна третьей планеты,93,науч,133695,1.866295133368112e-05,-10.888970211403121
Text_30,Тайна третьей планеты,94,илась,132427,0.5451300740242004,-0.6067308448612407
Text_30,Тайна третьей планеты,95,?!,25984,0.05309675261378288,-2.935639508653638
Text_30,Тайна третьей планеты,96,–,1365,0.058648694306612015,-2.836189966592323
Text_30,Тайна третьей планеты,97,Пр,79484,0.0026807456742972136,-5.921660286481953
Text_30,Тайна третьей планеты,98,ости,84764,0.007863635197281837,-4.845506286165226
Text_30,Тайна третьей планеты,99,",",11,0.18944525718688965,-1.6636551764738674
Text_30,Тайна третьей планеты,100,А,56755,0.03505833074450493,-3.3507420120171183
Text_30,Тайна третьей планеты,101,й,12141,0.8317024111747742,-0.18428058101974837
Text_30,Тайна третьей планеты,102,но,13685,0.9662665128707886,-0.03431558958017869
Text_30,Тайна третьей планеты,103,",",11,0.13804185390472412,-1.9801983506431264
Text_30,Тайна третьей планеты,104,ты,127429,0.03428751602768898,-3.372973955268609
Text_30,Тайна третьей планеты,105,немного,137967,0.00030789815355092287,-8.085741499963387
Text_30,Тайна третьей планеты,106,не,18658,0.04963541775941849,-3.0030506323461044
Text_30,Тайна третьей планеты,107,в,5805,0.014171869494020939,-4.256496300741257
Text_30,Тайна третьей планеты,108,ов,6715,0.027338961139321327,-3.599442446238506
Text_30,Тайна третьей планеты,109,рем,49581,0.20875482261180878,-1.5665948131860088
Text_30,Тайна третьей планеты,110,я,4235,0.9049429893493652,-0.09988333246056307
Text_30,Тайна третьей планеты,111,",",11,0.01920105144381523,-3.952790238749113
Text_30,Тайна третьей планеты,112,у,13932,0.005171060096472502,-5.264677563807602
Text_30,Тайна третьей планеты,113,нас,126460,0.009119466878473759,-4.6973439329122355
Text_30,Тайна третьей планеты,114,тр,85895,0.0010747008491307497,-6.835712936007914
Text_30,Тайна третьей планеты,115,ени,9684,0.024009479209780693,-3.7293065595389585
Text_30,Тайна третьей планеты,116,ров,23862,0.6143569350242615,-0.4871791923392345
Text_30,Тайна третьей планеты,117,ка,13132,0.051362305879592896,-2.968850724198726
Text_30,Тайна третьей планеты,118,",",11,0.051227595657110214,-2.9714769144550406
Text_30,Тайна третьей планеты,119,готов,130645,0.00033287322730757296,-8.007748839244064
Text_30,Тайна третьей планеты,120,им,16104,0.0020191287621855736,-6.205089166456871
Text_30,Тайна третьей планеты,121,ся,20562,0.31619301438331604,-1.151402446850186
Text_30,Тайна третьей планеты,122,к,7665,0.12150406837463379,-2.1078075321972425
Text_30,Тайна третьей планеты,123,О,34348,0.00012789868924301118,-8.964272097727447
Text_30,Тайна третьей планеты,124,лим,135757,0.07458211481571198,-2.5958545482951747
Text_30,Тайна третьей планеты,125,пи,128662,0.12741923332214355,-2.060272579246887
Text_30,Тайна третьей планеты,126,ад,22833,0.9740027189254761,-0.026341183838902636
Text_30,Тайна третьей планеты,127,е,1504,0.7702267169952393,-0.2610703698165126
Text_30,Тайна третьей планеты,128,.,13,0.2728182077407837,-1.2989496113222774
Text_30,Тайна третьей планеты,129,–,1365,0.07876834273338318,-2.5412441048003678
Text_30,Тайна третьей планеты,130,Вас,133371,0.00033285885001532733,-8.007792031671581
Text_30,Тайна третьей планеты,131,т,10813,0.006376554258167744,-5.055127412450522
Text_30,Тайна третьей планеты,132,уд,35913,0.03611559048295021,-3.321030637538221
Text_30,Тайна третьей планеты,133,а,1478,0.9269562363624573,-0.07584892449569412
Text_30,Тайна третьей планеты,134,не,18658,0.06014825031161308,-2.8109429257357723
Text_30,Тайна третьей планеты,135,п,5063,0.005680532194674015,-5.170710354392871
Text_30,Тайна третьей планеты,136,уст,60513,0.006278688088059425,-5.0705942235005885
Text_30,Тайна третьей планеты,137,ят,89197,0.00600034324452281,-5.115938603969896
Text_30,Тайна третьей планеты,138,;,26,0.004813582170754671,-5.336313737996629
Text_30,Тайна третьей планеты,139,лучше,130458,0.0007615294889546931,-7.180181661553246
Text_30,Тайна третьей планеты,140,ск,68371,0.0005664009950123727,-7.476208258855423
Text_30,Тайна третьей планеты,141,аж,37557,0.48166143894195557,-0.7305138205703176
Text_30,Тайна третьей планеты,142,и,1802,0.2907547652721405,-1.2352750981316332
Text_30,Тайна третьей планеты,143,",",11,0.39867502450942993,-0.9196086688708849
Text_30,Тайна третьей планеты,144,как,51670,0.06245974823832512,-2.7732329579018167
Text_30,Тайна третьей планеты,145,ты,127429,0.017160173505544662,-4.065164073927711
Text_30,Тайна третьей планеты,146,науч,133695,0.0059373690746724606,-5.126489160445975
Text_30,Тайна третьей планеты,147,ил,63192,0.12250344455242157,-2.0996161305974033
Text_30,Тайна третьей планеты,148,кор,66869,0.0026305411010980606,-5.940565712092038
Text_30,Тайна третьей планеты,149,ов,6715,0.35168230533599854,-1.0450270525790888
Text_30,Тайна третьей планеты,150,у,3780,0.8587762713432312,-0.15224684337409516
Text_30,Тайна третьей планеты,151,таким,135536,0.00039070367347449064,-7.847561153657994
Text_30,Тайна третьей планеты,152,п,5063,0.00438655074685812,-5.429212067590505
Text_30,Тайна третьей планеты,153,иру,124979,5.457585575641133e-05,-9.815918975277198
Text_30,Тайна третьей планеты,154,эт,125314,9.247590924132965e-07,-13.893732573988812
Text_30,Тайна третьей планеты,155,ам,23763,0.04315078631043434,-3.1430546388971945
Text_30,Тайна третьей планеты,156,?,30,0.030785148963332176,-3.4807228818022744
Text_30,Тайна третьей планеты,157,ты,127429,0.00017618233687244356,-8.64399109425183
Text_30,Тайна третьей планеты,158,как,51670,0.004473515320569277,-5.409580754243631
Text_30,Тайна третьей планеты,159,её,134709,0.0014341197675094008,-6.547204020411267
Text_30,Тайна третьей планеты,160,на,13073,0.01403940562158823,-4.265887215925321
Text_30,Тайна третьей планеты,161,кон,36998,0.0003673757892102003,-7.9091252849860565
Text_30,Тайна третьей планеты,162,ь,4824,0.11908236145973206,-2.1279399121634373
Text_30,Тайна третьей планеты,163,ки,16748,0.008881262503564358,-4.7238115582589835
Text_30,Тайна третьей планеты,164,по,17686,0.008971335366368294,-4.7137207437163395
Text_30,Тайна третьей планеты,165,ставил,138232,0.00011519853433128446,-9.06885353260213
Text_30,Тайна третьей планеты,166,?,30,0.1171972006559372,-2.1438972873127295
Text_30,Тайна третьей планеты,167,ты,127429,0.002082056598737836,-6.174399124366431
Text_30,Тайна третьей планеты,168,как,51670,0.26190441846847534,-1.3397756567880426
Text_30,Тайна третьей планеты,169,вообще,135167,0.0002713399298954755,-8.212138169271281
Text_30,Тайна третьей планеты,170,у,13932,0.017459170892834663,-4.047890215790125
Text_30,Тайна третьей планеты,171,м,6442,0.019775325432419777,-3.9233203087042967
Text_30,Тайна третьей планеты,172,уд,35913,0.009692744351923466,-4.636377678324435
Text_30,Тайна третьей планеты,173,ри,30103,0.43438780307769775,-0.8338175883862046
Text_30,Тайна третьей планеты,174,лся,128929,0.4623260200023651,-0.7714849657683158
Text_30,Тайна третьей планеты,175,науч,133695,0.00020302178745623678,-8.502197257311032
Text_30,Тайна третьей планеты,176,ить,17787,0.6437504887580872,-0.44044406776861583
Text_30,Тайна третьей планеты,177,её,134709,0.06557335704565048,-2.7245858081271277
Text_30,Тайна третьей планеты,178,на,13073,0.03958782181143761,-3.229233738032956
Text_30,Тайна третьей планеты,179,двух,132006,0.0005283872014842927,-7.545681206873083
Text_30,Тайна третьей планеты,180,ног,135960,0.029605485498905182,-3.519795613912962
Text_30,Тайна третьей планеты,181,ах,126202,0.9696701765060425,-0.030799289526626073
Text_30,Тайна третьей планеты,182,ст,18362,0.00018323132826481014,-8.604761114531788
Text_30,Тайна третьей планеты,183,оя,60290,0.1537836492061615,-1.8722085396156867
Text_30,Тайна третьей планеты,184,ть,28793,0.5969460606575012,-0.5159285203288534
Text_30,Тайна третьей планеты,185,?,30,0.1069597378373146,-2.235302797226283
Text_30,Тайна третьей планеты,186,ты,127429,0.00939349364489317,-4.6677379948001665
Text_30,Тайна третьей планеты,187,что,47389,0.02202581614255905,-3.8155400525656495
Text_30,Тайна третьей планеты,188,сделал,140896,0.0006870832294225693,-7.283055123993173
Text_30,Тайна третьей планеты,189,с,5409,0.04123145714402199,-3.188553791048836
Text_30,Тайна третьей планеты,190,живот,134031,0.00026574224466457963,-8.232983723991827
Text_30,Тайна третьей планеты,191,ным,125439,0.2953421473503113,-1.2196207731892184
Text_30,Тайна третьей планеты,192,?!,25984,0.02755669690668583,-3.5915096910104634
Text_30,Тайна третьей планеты,193,–,1365,0.18424472212791443,-1.691490393490329
Text_30,Тайна третьей планеты,194,Ин,126895,0.0010765250772237778,-6.834016946286012
Text_30,Тайна третьей планеты,195,га,128440,0.00030663717188872397,-8.089845359838485
Text_30,Тайна третьей планеты,196,",",11,0.49551674723625183,-0.7021541271228086
Text_30,Тайна третьей планеты,197,оп,45239,0.0010274024680256844,-6.880721537728732
Text_30,Тайна третьей планеты,198,ять,93875,0.4776744842529297,-0.7388257737600546
Text_30,Тайна третьей планеты,199,тр,85895,0.0009414521628059447,-6.968087020710816
Text_30,Тайна третьей планеты,200,ой,16339,0.007038730662316084,-4.956327428717127
Text_30,Тайна третьей планеты,201,ной,38888,0.0019009929383173585,-6.265378930202703
Text_30,Тайна третьей планеты,202,обор,128148,5.796525510959327e-05,-9.755666776754497
Text_30,Тайна третьей планеты,203,от,13039,0.7980068922042847,-0.22563804472215113
Text_30,Тайна третьей планеты,204,не,18658,0.005479659419506788,-5.206712329678625
Text_30,Тайна третьей планеты,205,д,7796,0.014003328047692776,-4.268460259924911
Text_30,Тайна третьей планеты,206,ок,14746,0.008356571197509766,-4.7847070798560605
Text_30,Тайна третьей планеты,207,руч,131586,0.00023630000941921026,-8.350408333910176
Text_30,Тайна третьей планеты,208,ива,124237,0.01806473173201084,-4.013793764644426
Text_30,Тайна третьей планеты,209,ешь,131260,0.3494909703731537,-1.0512775534842158
Text_30,Тайна третьей планеты,210,;,26,0.045182470232248306,-3.097046094088354
Text_30,Тайна третьей планеты,211,х,44558,0.0038039530627429485,-5.57171447329653
Text_30,Тайна третьей планеты,212,ват,127470,0.0698913112282753,-2.6608139403545206
Text_30,Тайна третьей планеты,213,ит,9358,0.21037863194942474,-1.5588463624518025
Text_30,Тайна третьей планеты,214,мы,87200,0.0013072945876047015,-6.639795477537592
Text_30,Тайна третьей планеты,215,ч,6020,0.001491910545155406,-6.507697735328177
Text_30,Тайна третьей планеты,216,ать,17998,0.026689384132623672,-3.623489390668063
Text_30,Тайна третьей планеты,217,",",11,0.18138167262077332,-1.7071517793668327
Text_30,Тайна третьей планеты,218,что,47389,0.058211762458086014,-2.8436678405742004
Text_30,Тайна третьей планеты,219,вы,20811,0.013588259927928448,-4.2985490996403515
Text_30,Тайна третьей планеты,220,мя,81972,7.691780047025532e-05,-9.472773232683023
Text_30,Тайна третьей планеты,221,м,11310,4.4397620513336733e-07,-14.627494867992256
Text_30,Тайна третьей планеты,222,еш,45967,0.012477472424507141,-4.383830466640412
Text_30,Тайна третьей планеты,223,ает,26909,0.04936693608760834,-3.0084743888436143
Text_30,Тайна третьей планеты,224,",",11,0.02635711058974266,-3.636017188795024
Text_30,Тайна третьей планеты,225,в,5805,0.015539288520812988,-4.164383718822211
Text_30,Тайна третьей планеты,226,х,44558,0.001958489418029785,-6.235581807972405
Text_30,Тайна третьей планеты,227,ок,14746,0.0017322276253253222,-6.3583470540792
Text_30,Тайна третьей планеты,228,к,4793,0.28111541271209717,-1.268989972575972
Text_30,Тайна третьей планеты,229,ей,21032,0.853439450263977,-0.1584806821300793
Text_30,Тайна третьей планеты,230,отд,135982,5.720577860302001e-07,-14.374025826140926
Text_30,Тайна третьей планеты,231,ам,23763,0.012522848322987556,-4.380200437348736
Text_30,Тайна третьей планеты,232,!,0,0.03512870892882347,-3.3487365646230276
Text_30,Тайна третьей планеты,233,..,496,0.00030549278017133474,-8.093584412458938
Text_30,Тайна третьей планеты,234,пр,12281,0.0004146649152971804,-7.788039796902033
Text_30,Тайна третьей планеты,235,ости,84764,0.05099865421652794,-2.9759560345171954
Text_30,Тайна третьей планеты,236,",",11,0.695443332195282,-0.3632057487306844
Text_30,Тайна третьей планеты,237,А,56755,0.06254487484693527,-2.771870982325744
Text_30,Тайна третьей планеты,238,й,12141,0.9870625138282776,-0.013021904342337963
Text_30,Тайна третьей планеты,239,во,128399,6.71684665576322e-06,-11.910891761214634
Text_30,Тайна третьей планеты,240,",",11,0.3445075750350952,-1.0656392002793247
Text_30,Тайна третьей планеты,241,я,45310,0.08448773622512817,-2.47114888858232
Text_30,Тайна третьей планеты,242,тебя,139596,0.042222537100315094,-3.1648011459866914
Text_30,Тайна третьей планеты,243,пер,27016,0.000917107448913157,-6.994285918184889
Text_30,Тайна третьей планеты,244,еб,49593,0.009083742275834084,-4.701269026361674
Text_30,Тайна третьей планеты,245,ил,63192,0.01261061243712902,-4.373216562609019
Text_30,Тайна третьей планеты,246,;,26,0.054853759706020355,-2.9030845493771915
Text_30,Тайна третьей планеты,247,чего,133197,0.0003891811065841466,-7.851465753064684
Text_30,Тайна третьей планеты,248,ты,127429,0.43648219108581543,-0.829007703880007
Text_30,Тайна третьей планеты,249,хот,125351,0.0003818011318799108,-7.870610682088465
Text_30,Тайна третьей планеты,250,ела,131942,0.1991332322359085,-1.6137811695554678
Text_30,Тайна третьей планеты,251,?,30,0.2850184738636017,-1.2552012802402082
Text_30,Тайна третьей планеты,252,–,1365,0.4618613123893738,-0.7724906225997153
Text_30,Тайна третьей планеты,253,З,52577,0.013176173903048038,-4.3293450877233415
Text_30,Тайна третьей планеты,254,ач,49123,0.05803607031702995,-2.846690559718881
Text_30,Тайна третьей планеты,255,ем,10090,0.6482810378074646,-0.4334309763305012
Text_30,Тайна третьей планеты,256,ты,127429,0.1875128149986267,-1.6739080892478555
Text_30,Тайна третьей планеты,257,о,8215,0.008398111909627914,-4.779748371061374
Text_30,Тайна третьей планеты,258,р,2184,0.0026156408712267876,-5.946246136452308
Text_30,Тайна третьей планеты,259,ё,44022,0.0011490944307297468,-6.76878109834915
Text_30,Тайна третьей планеты,260,ш,12150,0.03145214170217514,-3.459288199515975
Text_30,Тайна третьей планеты,261,ь,4824,0.18629340827465057,-1.6804323843159117
Text_30,Тайна третьей планеты,262,на,13073,0.04868916794657707,-3.022298697728427
Text_30,Тайна третьей планеты,263,не,18658,0.00950382836163044,-4.656060576117681
Text_30,Тайна третьей планеты,264,ё,44022,0.21175672113895416,-1.5523172050377472
Text_30,Тайна третьей планеты,265,",",11,0.1084708720445633,-2.221273602462343
Text_30,Тайна третьей планеты,266,она,129171,0.004560448229312897,-5.390334364384617
Text_30,Тайна третьей планеты,267,–,1365,0.006824419368058443,-4.987248015807286
Text_30,Тайна третьей планеты,268,кор,66869,0.0071181789971888065,-4.945103345091915
Text_30,Тайна третьей планеты,269,ова,125536,0.5996737480163574,-0.5113695249595025
Text_30,Тайна третьей планеты,270,",",11,0.22506535053253174,-1.4913644721379744
Text_30,Тайна третьей планеты,271,она,129171,0.009302575141191483,-4.677464020249489
Text_30,Тайна третьей планеты,272,тебе,141763,0.0007193175842985511,-7.237207594985558
Text_30,Тайна третьей планеты,273,ничего,134010,0.0019046146189793944,-6.263475590617176
Text_30,Тайна третьей планеты,274,не,18658,0.8274891972541809,-0.18935922649385914
Text_30,Тайна третьей планеты,275,должна,136230,0.0010358081199228764,-6.872573364728442
Text_30,Тайна третьей планеты,276,",",11,0.0654950737953186,-2.725780348401064
Text_30,Тайна третьей планеты,277,–,1365,0.004121522884815931,-5.491532551680991
Text_30,Тайна третьей планеты,278,Д,38803,0.004677054937928915,-5.365086653903931
Text_30,Тайна третьей планеты,279,олж,47081,0.0023878717329353094,-6.037352798070554
Text_30,Тайна третьей планеты,280,на,14191,0.31396540999412537,-1.1584724583962378
Text_30,Тайна третьей планеты,281,:,25,0.004981462378054857,-5.302031780840542
Text_30,Тайна третьей планеты,282,я,45310,0.017160547897219658,-4.065142256689628
Text_30,Тайна третьей планеты,283,только,73626,0.004334597382694483,-5.441126549027235
Text_30,Тайна третьей планеты,284,на,13073,0.009230731055140495,-4.685217029363293
Text_30,Тайна третьей планеты,285,её,134709,0.010317756794393063,-4.573888907440284
Text_30,Тайна третьей планеты,286,к,7665,0.016269395127892494,-4.118469535584718
Text_30,Тайна третьей планеты,287,ост,24276,0.05817367136478424,-2.844322408648755
Text_30,Тайна третьей планеты,288,ю,11916,0.2756713926792145,-1.2885457288344018
Text_30,Тайна третьей планеты,289,м,6442,0.7510904669761658,-0.2862291724541061
Text_30,Тайна третьей планеты,290,пот,80703,0.00016120758664328605,-8.732817665455242
Text_30,Тайна третьей планеты,291,рат,80559,0.12349884957075119,-2.0915234381740815
Text_30,Тайна третьей планеты,292,ил,63192,0.6257874965667725,-0.46874442786582443
Text_30,Тайна третьей планеты,293,,220,0.01695524901151657,-4.077177816899786
Text_30,Тайна третьей планеты,294,8,23,0.028233788907527924,-3.5672358300824722
Text_30,Тайна третьей планеты,295,0,15,0.41945019364356995,-0.8688104880292654
Text_30,Тайна третьей планеты,296,0,15,0.2259482443332672,-1.487449313310968
Text_30,Тайна третьей планеты,297,мар,126064,0.0008517632959410548,-7.068201891399975
Text_30,Тайна третьей планеты,298,ок,14746,0.12372627854347229,-2.089683584445531
Text_30,Тайна третьей планеты,299,",",11,0.19651652872562408,-1.6270087355583132
Text_30,Тайна третьей планеты,300,а,20396,0.08555354177951813,-2.4586128793896376
Text_30,Тайна третьей планеты,301,ещё,134413,0.0025858450680971146,-5.957702912222647
Text_30,Тайна третьей планеты,302,на,13073,0.030888978391885757,-3.477355845052882
Text_30,Тайна третьей планеты,303,кон,36998,0.0020763573702424765,-6.177140184831436
Text_30,Тайна третьей планеты,304,ь,4824,0.9042477607727051,-0.10065188448951222
Text_30,Тайна третьей планеты,305,ки,16748,0.1530708521604538,-1.8768543787649017
Text_30,Тайна третьей планеты,306,...,1112,0.005616467446088791,-5.182052381020022
Text_30,Тайна третьей планеты,307,–,1365,0.18896131217479706,-1.666212982363731
Text_30,Тайна третьей планеты,308,Как,128654,0.010435059666633606,-4.562584020536057
Text_30,Тайна третьей планеты,309,ой,16339,0.018574126064777374,-3.985985738487717
Text_30,Тайна третьей планеты,310,у,13932,0.01979503221809864,-3.9223242708376618
Text_30,Тайна третьей планеты,311,ж,16964,0.05532439798116684,-2.894541274601438
Text_30,Тайна третьей планеты,312,ас,17953,0.27509015798568726,-1.2906563878250417
Text_30,Тайна третьей планеты,313,",",11,0.0524093396961689,-2.948670465061225
Text_30,Тайна третьей планеты,314,я,45310,0.07172571867704391,-2.6349058972688613
Text_30,Тайна третьей планеты,315,не,18658,0.12279416620731354,-2.097245770852664
Text_30,Тайна третьей планеты,316,позвол,142224,0.0005505040171556175,-7.504676304542756
Text_30,Тайна третьей планеты,317,ю,11916,0.7868030667304993,-0.23977729474923273
Text_30,Тайна третьей планеты,318,м,11310,0.0020900368690490723,-6.170573572467677
Text_30,Тайна третьей планеты,319,уч,28371,0.006844643969088793,-4.984288834875866
Text_30,Тайна третьей планеты,320,ить,17787,0.6096363067626953,-0.49489271804547313
Text_30,Тайна третьей планеты,321,живот,134031,0.0005447248695418239,-7.515229717297607
Text_30,Тайна третьей планеты,322,ное,47050,0.10330551862716675,-2.270064480980839
Text_30,Тайна третьей планеты,323,",",11,0.338413804769516,-1.0834858578459727
Text_30,Тайна третьей планеты,324,Ин,126895,6.81535093463026e-05,-9.593747906704348
Text_30,Тайна третьей планеты,325,га,128440,0.9272973537445068,-0.07548099490103924
Text_30,Тайна третьей планеты,326,",",11,0.4509725868701935,-0.7963487243197388
Text_30,Тайна третьей планеты,327,о,8215,0.012394005432724953,-4.39054235610724
Text_30,Тайна третьей планеты,328,станов,67362,0.024906130507588387,-3.6926413006909513
Text_30,Тайна третьей планеты,329,ис,13502,0.004393732640892267,-5.427576153276884
Text_30,Тайна третьей планеты,330,ь,4824,0.9692577719688416,-0.031224683924333724
Text_30,Тайна третьей планеты,331,!,0,0.09725438058376312,-2.3304252529349405
Text_30,Тайна третьей планеты,332,Но,128543,0.0028338267002254725,-5.866127289821413
Text_30,Тайна третьей планеты,333,Ин,126895,1.1267249647062272e-05,-11.393610301659981
Text_30,Тайна третьей планеты,334,га,128440,0.6438281536102295,-0.4403234307066439
Text_30,Тайна третьей планеты,335,уже,90777,0.0028500796761363745,-5.860408328553276
Text_30,Тайна третьей планеты,336,м,11310,0.004663592204451561,-5.367969268479663
Text_30,Тайна третьей планеты,337,ч,6020,0.0001982168178074062,-8.52614908695674
Text_30,Тайна третьей планеты,338,ал,15952,0.13420674204826355,-2.008373816896769
Text_30,Тайна третьей планеты,339,ас,17953,0.027657678350806236,-3.5878518915247484
Text_30,Тайна третьей планеты,340,ь,4824,0.9732831716537476,-0.02708020968812032
Text_30,Тайна третьей планеты,341,к,7665,0.004197883885353804,-5.473174717481758
Text_30,Тайна третьей планеты,342,от,20264,0.003111140336841345,-5.772765952202557
Text_30,Тайна третьей планеты,343,бой,135589,0.0012907105265185237,-6.652562416490066
Text_30,Тайна третьей планеты,344,ни,22621,0.025071965530514717,-3.686004968189347
Text_30,Тайна третьей планеты,345,ку,35252,0.7702186107635498,-0.2610808943467162
Text_30,Тайна третьей планеты,346,",",11,0.3575451672077179,-1.0284935829887625
Text_30,Тайна третьей планеты,347,наб,140202,6.0565136664081365e-05,-9.711791133011943
Text_30,Тайна третьей планеты,348,ира,126100,0.013594658114016056,-4.298078349134767
Text_30,Тайна третьей планеты,349,я,4235,0.146914541721344,-1.9179042100865498
Text_30,Тайна третьей планеты,350,раз,38379,0.0026226353365927935,-5.943575613079588
Text_30,Тайна третьей планеты,351,гон,135631,0.0004246088501531631,-7.764342165405127
Text_30,Тайна третьей планеты,352,для,19849,0.007789707276970148,-4.85495199657442
Text_30,Тайна третьей планеты,353,ак,85330,0.0004006596573162824,-7.822398225909185
Text_30,Тайна третьей планеты,354,с,2247,0.016838347539305687,-4.084096402102352
Text_30,Тайна третьей планеты,355,еля,43000,8.170799992512912e-05,-9.412358642591768
Text_30,Тайна третьей планеты,356,.,13,0.07612382620573044,-2.575393972371704
