﻿text_id,title,position,token,token_id,probability,log_probability
Text_17,Моральный закон внутри,1,аб,37622,0.004437874536961317,-5.417579725046802
Text_17,Моральный закон внутри,2,ун,34197,0.00022490999253932387,-8.399810268953024
Text_17,Моральный закон внутри,3,п,5063,0.0013530186843127012,-6.6054171203450815
Text_17,Моральный закон внутри,4,ас,17953,0.030849002301692963,-3.478650869455386
Text_17,Моральный закон внутри,5,ли,11073,0.0013817125000059605,-6.584431607111886
Text_17,Моральный закон внутри,6,дв,73154,3.0130695449770428e-05,-10.40996612344986
Text_17,Моральный закон внутри,7,ое,43767,0.025732094421982765,-3.6600162560019545
Text_17,Моральный закон внутри,8,м,11310,0.012877684086561203,-4.352259381417142
Text_17,Моральный закон внутри,9,он,17316,0.04457885026931763,-3.1104957416369885
Text_17,Моральный закон внутри,10,г,15390,0.1500817984342575,-1.8965748106253277
Text_17,Моральный закон внутри,11,оль,17025,0.0667501911520958,-2.7067981180040688
Text_17,Моральный закон внутри,12,ских,129116,0.019841479137539864,-3.919980626600949
Text_17,Моральный закон внутри,13,под,39742,0.0014025887940078974,-6.569435611335917
Text_17,Моральный закон внутри,14,рост,132857,0.0030121742747724056,-5.805093110568123
Text_17,Моральный закон внутри,15,ков,89777,0.9760321378707886,-0.024259764964864306
Text_17,Моральный закон внутри,16,",",11,0.12364449352025986,-2.0903448187984015
Text_17,Моральный закон внутри,17,дв,73154,0.00582282105460763,-5.145970417389733
Text_17,Моральный закон внутри,18,ое,43767,0.41964516043663025,-0.8683457809000438
Text_17,Моральный закон внутри,19,б,14062,0.02331048622727394,-3.7588519669811093
Text_17,Моральный закон внутри,20,р,2184,0.021553661674261093,-3.837209561587409
Text_17,Моральный закон внутри,21,ать,17998,0.5183119773864746,-0.6571779450693546
Text_17,Моральный закон внутри,22,ев,32642,0.8906614780426025,-0.1157908585616492
Text_17,Моральный закон внутри,23,:,25,0.004852092359215021,-5.328345252793987
Text_17,Моральный закон внутри,24,м,11310,0.005314690992236137,-5.237280407686228
Text_17,Моральный закон внутри,25,лад,79130,0.030012929812073708,-3.506126996435314
Text_17,Моральный закон внутри,26,ший,127690,0.2945272624492645,-1.222383708191097
Text_17,Моральный закон внутри,27,",",11,0.045574821531772614,-3.088399874348882
Text_17,Моральный закон внутри,28,М,44358,0.003856130875647068,-5.558090962029972
Text_17,Моральный закон внутри,29,э,67406,0.02270759828388691,-3.7850556843406653
Text_17,Моральный закон внутри,30,рг,92722,0.004518886096775532,-5.399489754275495
Text_17,Моральный закон внутри,31,эн,134320,0.026312530040740967,-3.6377100258493207
Text_17,Моральный закон внутри,32,–,1365,0.0004580699314828962,-7.688488696678557
Text_17,Моральный закон внутри,33,что,47389,0.00028650870081037283,-8.157741652949944
Text_17,Моральный закон внутри,34,о,8215,0.012799822725355625,-4.358323957734064
Text_17,Моральный закон внутри,35,знач,129974,0.8457352519035339,-0.16754890936454167
Text_17,Моральный закон внутри,36,ал,15952,0.010723801329731941,-4.535289584541689
Text_17,Моральный закон внутри,37,о,1456,0.49878832697868347,-0.6955734676580237
Text_17,Моральный закон внутри,38,М,44358,0.0013476350577548146,-6.6094040318141785
Text_17,Моральный закон внутри,39,ет,8178,0.00019108978449366987,-8.562767164485612
Text_17,Моральный закон внутри,40,кий,130366,0.00015118008013814688,-8.797038848016069
Text_17,Моральный закон внутри,41,",",11,0.30636441707611084,-1.1829799801176974
Text_17,Моральный закон внутри,42,и,7587,0.050499077886343,-2.985800202543909
Text_17,Моральный закон внутри,43,стар,129511,0.15919886529445648,-1.8376011331446394
Text_17,Моральный закон внутри,44,ший,127690,0.9826340079307556,-0.01751854969918755
Text_17,Моральный закон внутри,45,Б,63471,0.004595356062054634,-5.382709037154923
Text_17,Моральный закон внутри,46,ат,7972,0.005915429443120956,-5.1301911817998995
Text_17,Моральный закон внутри,47,–,1365,5.09229394083377e-05,-9.885197059932947
Text_17,Моральный закон внутри,48,что,47389,0.3853780925273895,-0.9535303680856345
Text_17,Моральный закон внутри,49,о,8215,0.8376745581626892,-0.1771256093439996
Text_17,Моральный закон внутри,50,знач,129974,0.9991400241851807,-0.0008603458061579837
Text_17,Моральный закон внутри,51,ал,15952,0.9921901822090149,-0.007840474135908965
Text_17,Моральный закон внутри,52,о,1456,0.9960883855819702,-0.0039192847906011795
Text_17,Моральный закон внутри,53,К,35379,0.0051257251761853695,-5.273483266175266
Text_17,Моральный закон внутри,54,р,2184,0.008946902118623257,-4.716447938610281
Text_17,Моральный закон внутри,55,еп,66024,0.052085552364587784,-2.9548676745412346
Text_17,Моральный закон внутри,56,кий,130366,0.46185892820358276,-0.7724957847379609
Text_17,Моральный закон внутри,57,.,13,0.5277687907218933,-0.6390969875405358
Text_17,Моральный закон внутри,58,Хотя,143956,0.00026614119997248054,-8.231483563057157
Text_17,Моральный закон внутри,59,они,128729,0.048183176666498184,-3.032745350666754
Text_17,Моральный закон внутри,60,были,129482,0.1405058652162552,-1.962506045768223
Text_17,Моральный закон внутри,61,б,14062,0.04056413099169731,-3.2048710759777324
Text_17,Моральный закон внутри,62,лиз,126847,0.11630284786224365,-2.151557732549727
Text_17,Моральный закон внутри,63,нец,137370,1.9441820313659264e-06,-13.150669218775834
Text_17,Моральный закон внутри,64,ами,49707,0.8573426008224487,-0.1539176726826747
Text_17,Моральный закон внутри,65,и,7587,0.06729837507009506,-2.6986191871980503
Text_17,Моральный закон внутри,66,род,129757,0.02091151662170887,-3.8674552372436253
Text_17,Моральный закон внутри,67,ились,131091,0.3825463652610779,-0.9609054166928258
Text_17,Моральный закон внутри,68,од,52319,0.005950496066361666,-5.124280690402133
Text_17,Моральный закон внутри,69,нов,46705,0.17231619358062744,-1.758424155066942
Text_17,Моральный закон внутри,70,рем,49581,0.9942588806152344,-0.005757662960141522
Text_17,Моральный закон внутри,71,енно,124448,0.9986298084259033,-0.0013711311449309729
Text_17,Моральный закон внутри,72,друг,80742,0.0007742957095615566,-7.163556703641376
Text_17,Моральный закон внутри,73,за,43846,0.0037914777640253305,-5.57499942453115
Text_17,Моральный закон внутри,74,друг,80742,0.990776777267456,-0.009266020007121947
Text_17,Моральный закон внутри,75,ом,12228,0.9105094075202942,-0.09375104761052705
Text_17,Моральный закон внутри,76,.,13,0.07553550601005554,-2.5831524549944493
Text_17,Моральный закон внутри,77,Тем,136623,0.005180165637284517,-5.262918246912224
Text_17,Моральный закон внутри,78,не,18658,0.8543004989624023,-0.1574722747647998
Text_17,Моральный закон внутри,79,менее,133959,0.9853233098983765,-0.014785458267478686
Text_17,Моральный закон внутри,80,Б,63471,0.0033142257016152143,-5.709531256800396
Text_17,Моральный закон внутри,81,ат,7972,0.9450204372406006,-0.05654872501261796
Text_17,Моральный закон внутри,82,род,129757,0.005137508735060692,-5.271186998906107
Text_17,Моральный закон внутри,83,ился,130143,0.9224805235862732,-0.0806890159339361
Text_17,Моральный закон внутри,84,всё,131896,2.3005572074907832e-05,-10.679774107249912
Text_17,Моральный закон внутри,85,же,128346,0.03514249995350838,-3.348344056081299
Text_17,Моральный закон внутри,86,ч,17307,0.0004562413669191301,-7.692488575067678
Text_17,Моральный закон внутри,87,у,3780,0.00247261393815279,-6.002479413364227
Text_17,Моральный закон внутри,88,то,24634,0.11860904097557068,-2.1319225645012465
Text_17,Моральный закон внутри,89,ч,6020,0.40027567744255066,-0.9156017756526288
Text_17,Моральный закон внутри,90,ку,35252,0.4223529100418091,-0.8619140347132511
Text_17,Моральный закон внутри,91,раньше,142817,0.022793320938944817,-3.7812877272117684
Text_17,Моральный закон внутри,92,и,7587,0.024125244468450546,-3.7244964984011535
Text_17,Моральный закон внутри,93,по,17686,0.01766686886548996,-4.0360642089472085
Text_17,Моральный закон внутри,94,прав,72126,0.0004952874733135104,-7.610372209799316
Text_17,Моральный закон внутри,95,у,3780,0.0883500725030899,-2.426448259581908
Text_17,Моральный закон внутри,96,счит,130480,0.00068833859404549,-7.281229698585356
Text_17,Моральный закон внутри,97,ал,15952,0.6372172236442566,-0.45064467111027134
Text_17,Моральный закон внутри,98,ся,20562,0.4526737630367279,-0.7925835828428625
Text_17,Моральный закон внутри,99,закон,129707,0.00048769093700684607,-7.625828678552274
Text_17,Моральный закон внутри,100,ным,125439,0.45346102118492126,-0.7908459642016102
Text_17,Моральный закон внутри,101,на,13073,0.006953370291739702,-4.968528802884694
Text_17,Моральный закон внутри,102,след,125500,0.30283984541893005,-1.1945511761852474
Text_17,Моральный закон внутри,103,ник,69859,0.8488516807556152,-0.16387080668903195
Text_17,Моральный закон внутри,104,ом,12228,0.9562833905220032,-0.04470097625807287
Text_17,Моральный закон внутри,105,от,20264,0.014255998656153679,-4.250577502519002
Text_17,Моральный закон внутри,106,ца,86894,0.0055712200701236725,-5.190141205919209
Text_17,Моральный закон внутри,107,.,13,0.27519142627716064,-1.2902883279243917
Text_17,Моральный закон внутри,108,М,44358,0.0445563867688179,-3.1109997735265473
Text_17,Моральный закон внутри,109,э,67406,0.8934302926063538,-0.11268696353535437
Text_17,Моральный закон внутри,110,рг,92722,0.9986914992332458,-0.0013093576014098776
Text_17,Моральный закон внутри,111,эн,134320,0.9993426203727722,-0.0006575957959567342
Text_17,Моральный закон внутри,112,н,6709,0.0028315496165305376,-5.866931149508834
Text_17,Моральный закон внутри,113,ен,5259,0.04686887934803963,-3.060401377125565
Text_17,Моральный закон внутри,114,ав,17753,0.5981101393699646,-0.5139803624420403
Text_17,Моральный закон внутри,115,ид,47162,0.20424522459506989,-1.5884339257108422
Text_17,Моральный закон внутри,116,ел,12121,0.7479057908058167,-0.29047825706035635
Text_17,Моральный закон внутри,117,б,14062,0.044144708663225174,-3.120282208192215
Text_17,Моральный закон внутри,118,р,2184,0.290328711271286,-1.2367415107707829
Text_17,Моральный закон внутри,119,ата,42103,0.18209460377693176,-1.7032289259829172
Text_17,Моральный закон внутри,120,и,7587,0.2785474956035614,-1.2781666933883944
Text_17,Моральный закон внутри,121,т,10813,0.008985228836536407,-4.712173290341231
Text_17,Моральный закон внутри,122,ай,18530,0.007661167066544294,-4.871590948278327
Text_17,Моральный закон внутри,123,но,13685,0.4026618003845215,-0.9096582743662901
Text_17,Моральный закон внутри,124,гор,125191,0.0002052287309197709,-8.491385440239833
Text_17,Моральный закон внутри,125,ел,12121,0.09011392295360565,-2.4066805985190673
Text_17,Моральный закон внутри,126,жел,139573,0.00013032123388256878,-8.94550812561702
Text_17,Моральный закон внутри,127,ани,14005,0.16268526017665863,-1.815937863964641
Text_17,Моральный закон внутри,128,ем,10090,0.7468617558479309,-0.29187517677539715
Text_17,Моральный закон внутри,129,из,23064,0.005706355441361666,-5.166174735568423
Text_17,Моральный закон внутри,130,вести,126870,0.013447146862745285,-4.308988324600782
Text_17,Моральный закон внутри,131,его,72285,0.22776201367378235,-1.4794539948423482
Text_17,Моральный закон внутри,132,до,56197,0.013418398797512054,-4.311128469198586
Text_17,Моральный закон внутри,133,с,5409,0.04981507360935211,-2.9994376578320456
Text_17,Моральный закон внутри,134,мер,63034,0.3894656300544739,-0.9429796587600064
Text_17,Моральный закон внутри,135,ти,22496,0.9858191013336182,-0.014282408418952317
Text_17,Моральный закон внутри,136,Как,128654,1.113842699851375e-05,-11.405109536441167
Text_17,Моральный закон внутри,137,его,72285,0.0023970387410372496,-6.033521161358768
Text_17,Моральный закон внутри,138,и,7587,0.01121689472347498,-4.490334179807065
Text_17,Моральный закон внутри,139,нар,141824,0.0002743643708527088,-8.20105351437422
Text_17,Моральный закон внутри,140,ек,14949,0.03646461293101311,-3.311412997410639
Text_17,Моральный закон внутри,141,ли,11073,0.3092377483844757,-1.1736448856827588
Text_17,Моральный закон внутри,142,при,36305,0.0029421718791127205,-5.828607235969407
Text_17,Моральный закон внутри,143,рожд,142487,0.0005657425499521196,-7.477371441982547
Text_17,Моральный закон внутри,144,ении,83098,0.9903185367584229,-0.00972863330387885
Text_17,Моральный закон внутри,145,",",11,0.07230053097009659,-2.6269238058596467
Text_17,Моральный закон внутри,146,М,44358,0.025797221809625626,-3.6574884746501226
Text_17,Моральный закон внутри,147,э,67406,0.9415985345840454,-0.060176279341396036
Text_17,Моральный закон внутри,148,рг,92722,0.9985572695732117,-0.0014437721644154579
Text_17,Моральный закон внутри,149,эн,134320,0.9987008571624756,-0.001299987455179128
Text_17,Моральный закон внутри,150,действительно,136896,0.0007708082557655871,-7.168070910835875
Text_17,Моральный закон внутри,151,очень,128632,0.004358257632702589,-5.435682927019684
Text_17,Моральный закон внутри,152,мет,127765,2.407146712357644e-05,-10.634483355655545
Text_17,Моральный закон внутри,153,ко,47099,0.007867598906159401,-4.845002357619585
Text_17,Моральный закон внутри,154,стр,29292,7.924385135993361e-05,-9.442980733580399
Text_17,Моральный закон внутри,155,еля,43000,0.024767549708485603,-3.698220962114536
Text_17,Моральный закон внутри,156,л,3038,0.18903829157352448,-1.6658056835251702
Text_17,Моральный закон внутри,157,из,23064,0.006889325100928545,-4.977782152175431
Text_17,Моральный закон внутри,158,л,25460,0.009251149371266365,-4.683007478823864
Text_17,Моральный закон внутри,159,у,3780,0.01316876895725727,-4.3299072408488986
Text_17,Моральный закон внутри,160,ка,13132,0.01171343307942152,-4.447018969325261
Text_17,Моральный закон внутри,161,",",11,0.21359802782535553,-1.5436594049660837
Text_17,Моральный закон внутри,162,а,20396,0.041449058800935745,-3.183290104511816
Text_17,Моральный закон внутри,163,Б,63471,0.10786549746990204,-2.2268702218024488
Text_17,Моральный закон внутри,164,ат,7972,0.9859846830368042,-0.01411445894559423
Text_17,Моральный закон внутри,165,был,128897,0.04975072667002678,-3.000730209051509
Text_17,Моральный закон внутри,166,к,7665,0.004810291342437267,-5.336997626545487
Text_17,Моральный закон внутри,167,р,2184,0.08915859460830688,-2.417338533169376
Text_17,Моральный закон внутри,168,еп,66024,0.9109683036804199,-0.09324717521394173
Text_17,Моральный закон внутри,169,ко,47099,0.0166802778840065,-4.093528222477688
Text_17,Моральный закон внутри,170,сл,34775,0.006789337377995253,-4.992401930097659
Text_17,Моральный закон внутри,171,ож,21259,0.043742988258600235,-3.1294239473977137
Text_17,Моральный закон внутри,172,енным,132626,0.005134549457579851,-5.271763178968021
Text_17,Моральный закон внутри,173,и,7587,0.170890212059021,-1.7667339634146098
Text_17,Моральный закон внутри,174,у,13932,0.026117704808712006,-3.6451418494641943
Text_17,Моральный закон внутри,175,мел,132980,0.001866558799520135,-6.283658757550173
Text_17,Моральный закон внутри,176,ым,125033,0.6265478134155273,-0.46753018925718587
Text_17,Моральный закон внутри,177,б,14062,0.012185811065137386,-4.407483031531944
Text_17,Моральный закон внутри,178,ор,9062,0.31497499346733093,-1.1552620291257218
Text_17,Моральный закон внутри,179,ц,10373,0.004481659270823002,-5.4077619281748115
Text_17,Моральный закон внутри,180,ом,12228,0.06272458285093307,-2.7690018371952396
Text_17,Моральный закон внутри,181,.,13,0.2501504719257355,-1.3856926544787034
Text_17,Моральный закон внутри,182,М,44358,0.03449969366192818,-3.3668048343486454
Text_17,Моральный закон внутри,183,э,67406,0.9115070700645447,-0.09265592837726981
Text_17,Моральный закон внутри,184,рг,92722,0.9988848567008972,-0.0011157655340219637
Text_17,Моральный закон внутри,185,эн,134320,0.9988780617713928,-0.001122568072442906
Text_17,Моральный закон внутри,186,не,18658,0.046169769018888474,-3.0754300453155095
Text_17,Моральный закон внутри,187,реш,126091,0.000713889196049422,-7.244782795273384
Text_17,Моральный закон внутри,188,ал,15952,0.26810598373413086,-1.316372914951129
Text_17,Моральный закон внутри,189,ся,20562,0.12207785248756409,-2.1030963026265654
Text_17,Моральный закон внутри,190,вы,20811,0.009755110368132591,-4.629963990964649
Text_17,Моральный закон внутри,191,ступ,126399,0.08179853111505508,-2.5034959925633316
Text_17,Моральный закон внутри,192,ить,17787,0.31212690472602844,-1.164345427954593
Text_17,Моральный закон внутри,193,против,127352,0.25914591550827026,-1.3503639955809117
Text_17,Моральный закон внутри,194,с,5409,0.009000732563436031,-4.71044930902105
Text_17,Моральный закон внутри,195,иль,66502,0.006940998136997223,-4.9703096910302556
Text_17,Моральный закон внутри,196,ного,38800,0.44157713651657104,-0.8174025595521287
Text_17,Моральный закон внутри,197,Б,63471,0.07054894417524338,-2.6514485664190652
Text_17,Моральный закон внутри,198,ата,42103,0.017165755853056908,-4.064838818491615
Text_17,Моральный закон внутри,199,нап,90005,0.00046071046381257474,-7.682740773424737
Text_17,Моральный закон внутри,200,ря,124912,0.09524967521429062,-2.3512536748048607
Text_17,Моральный закон внутри,201,м,6442,0.8603408336639404,-0.15042665003401925
Text_17,Моральный закон внутри,202,ую,33048,0.9710450768470764,-0.029382388650848277
Text_17,Моральный закон внутри,203,",",11,0.5590729117393494,-0.5814753818829692
Text_17,Моральный закон внутри,204,расс,125326,0.00017931635375134647,-8.626358972637135
Text_17,Моральный закон внутри,205,чит,90253,0.1220182552933693,-2.1035846118906565
Text_17,Моральный закон внутри,206,ыв,34567,0.7091367244720459,-0.34370692975511685
Text_17,Моральный закон внутри,207,ая,35397,0.9857877492904663,-0.014314211963502362
Text_17,Моральный закон внутри,208,при,36305,0.002376154763624072,-6.042271743397592
Text_17,Моральный закон внутри,209,удоб,131810,5.7562650908948854e-05,-9.76263662229835
Text_17,Моральный закон внутри,210,ном,93862,0.516016960144043,-0.6616156455445242
Text_17,Моральный закон внутри,211,случае,129402,0.03126741573214531,-3.4651787546069595
Text_17,Моральный закон внутри,212,у,13932,0.02476475015282631,-3.698334001713752
Text_17,Моральный закон внутри,213,б,9923,0.06387870013713837,-2.7507693043530295
Text_17,Моральный закон внутри,214,ить,17787,0.8866734504699707,-0.12027851499778802
Text_17,Моральный закон внутри,215,б,14062,0.08437145501375198,-2.472526145323912
Text_17,Моральный закон внутри,216,р,2184,0.38803690671920776,-0.9466548234721937
Text_17,Моральный закон внутри,217,ата,42103,0.9896801114082336,-0.010373507857611649
Text_17,Моральный закон внутри,218,стр,29292,2.2372543753590435e-05,-10.707676076205068
Text_17,Моральный закон внутри,219,ел,12121,0.21011772751808167,-1.560087298117236
Text_17,Моральный закон внутри,220,ой,16339,0.00465393764898181,-5.370041611488341
Text_17,Моральный закон внутри,221,из,23064,0.038317903876304626,-3.261838027889576
Text_17,Моральный закон внутри,222,з,10885,0.0018570352112874389,-6.28877403540876
Text_17,Моральный закон внутри,223,ас,17953,0.027755802497267723,-3.584310361647204
Text_17,Моральный закон внутри,224,ад,22833,0.07693903893232346,-2.564741872867749
Text_17,Моральный закон внутри,225,ы,4552,0.7458627820014954,-0.2932136340329037
Text_17,Моральный закон внутри,226,.,13,0.43594223260879517,-0.8302455384277352
Text_17,Моральный закон внутри,227,Од,132593,0.007301815785467625,-4.919632224022602
Text_17,Моральный закон внутри,228,н,2108,0.31201791763305664,-1.164694664510518
Text_17,Моральный закон внутри,229,ажд,79105,0.9594870209693909,-0.041356490494666706
Text_17,Моральный закон внутри,230,ы,4552,0.9624478816986084,-0.03827536317086424
Text_17,Моральный закон внутри,231,на,13073,0.01797191984951496,-4.01894474752627
Text_17,Моральный закон внутри,232,т,10813,0.006702718790620565,-5.005242045250708
Text_17,Моральный закон внутри,233,аб,37622,0.10005800426006317,-2.3020052185531
Text_17,Моральный закон внутри,234,ун,34197,0.43390387296676636,-0.8349322602744407
Text_17,Моральный закон внутри,235,под,39742,0.002066375222057104,-6.181959307128952
Text_17,Моральный закон внутри,236,о,8215,0.0005061462288722396,-7.588684940560251
Text_17,Моральный закон внутри,237,хран,60855,0.013292966410517693,-4.320520224954777
Text_17,Моральный закон внутри,238,ой,16339,0.8261758685112,-0.1909476122514032
Text_17,Моральный закон внутри,239,б,14062,0.05730109661817551,-2.8594355172565216
Text_17,Моральный закон внутри,240,р,2184,0.14901097118854523,-1.9037353436095032
Text_17,Моральный закон внутри,241,ать,17998,0.007271999958902597,-4.9237239277584175
Text_17,Моральный закон внутри,242,ев,32642,0.7277336716651917,-0.3178201333443651
Text_17,Моральный закон внутри,243,нап,90005,0.001481211045756936,-6.514895251649802
Text_17,Моральный закон внутри,244,ала,95965,0.08233507722616196,-2.4969580503620232
Text_17,Моральный закон внутри,245,огр,127776,0.0013137944042682648,-6.634835836710995
Text_17,Моральный закон внутри,246,ом,12228,0.990603506565094,-0.00944091899467884
Text_17,Моральный закон внутри,247,ная,43758,0.5598989129066467,-0.5799990242140167
Text_17,Моральный закон внутри,248,в,5805,0.016450362280011177,-4.107407778912278
Text_17,Моральный закон внутри,249,ол,7819,0.4460432529449463,-0.8073393519671108
Text_17,Моральный закон внутри,250,ч,6020,0.01805538311600685,-4.014311405092252
Text_17,Моральный закон внутри,251,ья,125170,0.026850469410419464,-3.6174719754828972
Text_17,Моральный закон внутри,252,ст,18362,0.0007187266601249576,-7.238029439249593
Text_17,Моральный закон внутри,253,ая,35397,0.010054683312773705,-4.599716751750909
Text_17,Моральный закон внутри,254,.,13,0.12180560827255249,-2.1053288798357315
Text_17,Моральный закон внутри,255,Б,63471,0.15485551953315735,-1.8652627288122665
Text_17,Моральный закон внутри,256,ат,7972,0.34911054372787476,-1.0523666627266208
Text_17,Моральный закон внутри,257,и,7587,0.07699095457792282,-2.5640673370429377
Text_17,Моральный закон внутри,258,М,44358,0.5822479724884033,-0.5408588524248602
Text_17,Моральный закон внутри,259,э,67406,0.990851104259491,-0.009191003912765729
Text_17,Моральный закон внутри,260,рг,92722,0.9993852376937866,-0.0006149513500419331
Text_17,Моральный закон внутри,261,эн,134320,0.9994754195213318,-0.0005247181191452892
Text_17,Моральный закон внутри,262,н,6709,0.002788884798064828,-5.882113477011039
Text_17,Моральный закон внутри,263,ос,22787,0.03752869367599487,-3.282649473901836
Text_17,Моральный закон внутри,264,ились,131091,0.022654099389910698,-3.7874144549125113
Text_17,Моральный закон внутри,265,на,13073,0.12159097194671631,-2.107092556065523
Text_17,Моральный закон внутри,266,л,25460,0.05479785054922104,-2.9041043093517915
Text_17,Моральный закон внутри,267,о,1456,0.004935001488775015,-5.3114023044199365
Text_17,Моральный закон внутри,268,ш,12150,0.8239888548851013,-0.19359827478901448
Text_17,Моральный закон внутри,269,ад,22833,0.8794917464256287,-0.12841109924238545
Text_17,Моральный закон внутри,270,ях,129250,0.005553946830332279,-5.193246463364044
Text_17,Моральный закон внутри,271,в,5805,0.04081488773226738,-3.198708368731446
Text_17,Моральный закон внутри,272,д,6949,0.012363308109343052,-4.393022216376519
Text_17,Моральный закон внутри,273,оль,17025,0.32074469327926636,-1.1371098203488488
Text_17,Моральный закон внутри,274,и,7587,0.006704210769385099,-5.005019476949141
Text_17,Моральный закон внутри,275,п,5063,0.007219321560114622,-4.930994297235681
Text_17,Моральный закон внутри,276,опер,132011,0.00022694756626151502,-8.390791552796253
Text_17,Моральный закон внутри,277,ё,44022,0.25325989723205566,-1.373339055740158
Text_17,Моральный закон внутри,278,к,4793,0.09868694096803665,-2.315802651650727
Text_17,Моральный закон внутри,279,ст,18362,1.068547135218978e-05,-11.44662555671833
Text_17,Моральный закон внутри,280,ад,22833,0.011015459895133972,-4.508455547885022
Text_17,Моральный закон внутри,281,а,1478,0.06695257872343063,-2.7037706904331653
Text_17,Моральный закон внутри,282,",",11,0.28581875562667847,-1.2523973906337236
Text_17,Моральный закон внутри,283,о,8215,0.009274013340473175,-4.680539054532861
Text_17,Моральный закон внутри,284,сы,56219,0.0030883147846907377,-5.780129713967418
Text_17,Моральный закон внутри,285,п,8005,0.08024891465902328,-2.522622041561621
Text_17,Моральный закон внутри,286,ая,35397,0.07487111538648605,-2.591987105208118
Text_17,Моральный закон внутри,287,в,5805,0.036310721188783646,-3.315642231765157
Text_17,Моральный закон внутри,288,ол,7819,0.29634326696395874,-1.2162368108850514
Text_17,Моральный закон внутри,289,ков,89777,0.0017931273905560374,-6.323794038050844
Text_17,Моральный закон внутри,290,к,7665,0.003390444675460458,-5.686794193489965
Text_17,Моральный закон внутри,291,уч,28371,0.0006338881212286651,-7.363638084037832
Text_17,Моральный закон внутри,292,ей,21032,0.20969867706298828,-1.562083649806665
Text_17,Моральный закон внутри,293,стр,29292,0.0016156031051650643,-6.4280469522880885
Text_17,Моральный закон внутри,294,ел,12121,0.5387653708457947,-0.6184751073989279
Text_17,Моральный закон внутри,295,.,13,0.04331682622432709,-3.1392141230529385
Text_17,Моральный закон внутри,296,Это,128868,0.005320421420037746,-5.236202764473061
Text_17,Моральный закон внутри,297,был,128897,0.08850409835577011,-2.42470641893574
Text_17,Моральный закон внутри,298,хоро,126824,0.000622012245003134,-7.382550778918656
Text_17,Моральный закон внутри,299,ший,127690,0.9910144209861755,-0.009026192804268343
Text_17,Моральный закон внутри,300,момент,130486,0.050536226481199265,-2.9850648438143477
Text_17,Моральный закон внутри,301,для,19849,0.12119395285844803,-2.11036310049886
Text_17,Моральный закон внутри,302,у,13932,0.011277204379439354,-4.484971902331496
Text_17,Моральный закон внутри,303,б,9923,0.393305242061615,-0.9331692712283775
Text_17,Моральный закон внутри,304,ий,43838,0.7083123326301575,-0.3448701347827841
Text_17,Моральный закон внутри,305,ства,92971,0.5391699075698853,-0.6177245303444743
Text_17,Моральный закон внутри,306,:,25,0.01125524565577507,-4.486920978493346
Text_17,Моральный закон внутри,307,надо,131507,0.0003606298705562949,-7.927658414917772
Text_17,Моральный закон внутри,308,было,128656,0.37531933188438416,-0.9799780636844768
Text_17,Моральный закон внутри,309,только,73626,0.0023571120109409094,-6.050318133484034
Text_17,Моральный закон внутри,310,вы,20811,0.012033130042254925,-4.420091596449552
Text_17,Моральный закон внутри,311,стрел,138227,0.0031893865671008825,-5.747926679391609
Text_17,Моральный закон внутри,312,ить,17787,0.6262621283531189,-0.4679862601388665
Text_17,Моральный закон внутри,313,Б,63471,0.0034020044840872288,-5.683390466935489
Text_17,Моральный закон внутри,314,ат,7972,0.3800387680530548,-0.967482010273264
Text_17,Моральный закон внутри,315,у,3780,0.00909850187599659,-4.69964550802354
Text_17,Моральный закон внутри,316,в,5805,0.05869997292757034,-2.8353160133480166
Text_17,Моральный закон внутри,317,спин,142186,7.881255442043766e-05,-9.448438253734217
Text_17,Моральный закон внутри,318,у,3780,0.09300540387630463,-2.375097681320157
Text_17,Моральный закон внутри,319,",",11,0.36014872789382935,-1.0212381998095232
Text_17,Моральный закон внутри,320,когда,128895,0.007364084478467703,-4.911140543859113
Text_17,Моральный закон внутри,321,он,98745,0.3331831097602844,-1.0990630609698262
Text_17,Моральный закон внутри,322,от,20264,0.017055271193385124,-4.071295962130642
Text_17,Моральный закон внутри,323,вер,48184,0.05027599260210991,-2.9902276000651153
Text_17,Моральный закон внутри,324,н,2108,0.004760869778692722,-5.347324900815165
Text_17,Моральный закон внутри,325,ёт,127138,0.31039464473724365,-1.169910743601403
Text_17,Моральный закон внутри,326,ся,20562,0.6562119126319885,-0.42127150465468
Text_17,Моральный закон внутри,327,",",11,0.11830931901931763,-2.1344527366344273
Text_17,Моральный закон внутри,328,а,20396,0.11480101197957993,-2.164554979982389
Text_17,Моральный закон внутри,329,в,5805,0.01739845983684063,-4.051373591803451
Text_17,Моральный закон внутри,330,ол,7819,0.1360258013010025,-1.9949106957912373
Text_17,Моральный закон внутри,331,ки,16748,0.03063090145587921,-3.485745928081484
Text_17,Моральный закон внутри,332,д,7796,0.007540763821452856,-4.887431799513077
Text_17,Моральный закон внутри,333,ок,14746,0.0025188419967889786,-5.983956008156551
Text_17,Моральный закон внутри,334,он,17316,0.004586340393871069,-5.384672872732447
Text_17,Моральный закон внутри,335,чат,133003,0.011452225968241692,-4.46957116016992
Text_17,Моральный закон внутри,336,дело,133279,3.129910737698083e-06,-12.674506072126189
Text_17,Моральный закон внутри,337,.,13,0.5515683889389038,-0.5949894426476771
Text_17,Моральный закон внутри,338,Однако,132594,0.015819108113646507,-4.146536695371798
Text_17,Моральный закон внутри,339,в,5805,0.06275209039449692,-2.7685633884653997
Text_17,Моральный закон внутри,340,ключ,96355,1.3629406566906255e-05,-11.203280851948627
Text_17,Моральный закон внутри,341,евой,135790,0.028339803218841553,-3.563487988327282
Text_17,Моральный закон внутри,342,момент,130486,0.9258354306221008,-0.07705878084062873
Text_17,Моральный закон внутри,343,р,18108,0.003528075059875846,-5.647002865588899
Text_17,Моральный закон внутри,344,у,3780,0.12237674742937088,-2.100650898933138
Text_17,Моральный закон внутри,345,ка,13132,0.2225758284330368,-1.5024874334894016
Text_17,Моральный закон внутри,346,на,13073,0.012561492621898651,-4.377119285679776
Text_17,Моральный закон внутри,347,у,13932,0.007597614079713821,-4.87992101785811
Text_17,Моральный закон внутри,348,б,9923,0.21777988970279694,-1.5242704065259312
Text_17,Моральный закон внутри,349,ий,43838,0.9729397892951965,-0.027433080216321973
Text_17,Моральный закон внутри,350,ство,126293,0.20725594460964203,-1.5738008020987557
Text_17,Моральный закон внутри,351,не,18658,0.0768238976597786,-2.5662395197860257
Text_17,Моральный закон внутри,352,под,39742,0.021622145548462868,-3.8340372326356076
Text_17,Моральный закон внутри,353,ня,39151,0.15637604892253876,-1.855491602479501
Text_17,Моральный закон внутри,354,лась,129130,0.7360703349113464,-0.3064296010809415
Text_17,Моральный закон внутри,355,",",11,0.3120824694633484,-1.1644878008973667
Text_17,Моральный закон внутри,356,и,7587,0.31298989057540894,-1.1615843874447127
Text_17,Моральный закон внутри,357,вмест,135013,0.0018892529187723994,-6.271573809127547
Text_17,Моральный закон внутри,358,о,1456,0.9956285953521729,-0.004380987173385977
Text_17,Моральный закон внутри,359,б,14062,0.03666885197162628,-3.3058276044076225
Text_17,Моральный закон внутри,360,р,2184,0.11649539321660995,-2.1499035499633
Text_17,Моральный закон внутри,361,ата,42103,0.9783161282539368,-0.021922421654506717
Text_17,Моральный закон внутри,362,М,44358,0.05828329175710678,-2.8424398174878687
Text_17,Моральный закон внутри,363,э,67406,0.9901217818260193,-0.009927331473376365
Text_17,Моральный закон внутри,364,рг,92722,0.9988540410995483,-0.0011466160134166931
Text_17,Моральный закон внутри,365,эн,134320,0.9953433275222778,-0.004667548554357425
Text_17,Моральный закон внутри,366,пор,90046,0.0016178840305656195,-6.426636137472294
Text_17,Моральный закон внутри,367,аз,18671,0.02367808297276497,-3.743205427785429
Text_17,Моральный закон внутри,368,ил,63192,0.5546591877937317,-0.5894014299049516
Text_17,Моральный закон внутри,369,очеред,140995,2.1897196347708814e-05,-10.729151949989728
Text_17,Моральный закон внутри,370,ного,38800,0.014094670303165913,-4.2619585457385245
Text_17,Моральный закон внутри,371,сер,65286,0.0005759643390774727,-7.4594648105088
Text_17,Моральный закон внутри,372,ого,22107,0.06539006531238556,-2.7273849385963977
Text_17,Моральный закон внутри,373,х,44558,0.002101327758282423,-6.165185868199827
Text_17,Моральный закон внутри,374,и,1802,0.02472648210823536,-3.6998804595596866
Text_17,Моральный закон внутри,375,щ,14144,0.5609539151191711,-0.5781165245714138
Text_17,Моральный закон внутри,376,ника,87496,0.8339644074440002,-0.18156455445973538
Text_17,Моральный закон внутри,377,.,13,0.33273592591285706,-1.1004061188813477
