﻿text_id,title,position,token,token_id,probability,log_probability
Text_20,Луч солнца золотого,1,,220,0.0030305972322821617,-5.798995572520017
Text_20,Луч солнца золотого,2,1,16,0.530055582523346,-0.6347734052491668
Text_20,Луч солнца золотого,3,7,22,0.02636021189391613,-3.6358995309159456
Text_20,Луч солнца золотого,4,век,141626,0.0026925383135676384,-5.917270919297688
Text_20,Луч солнца золотого,5,е,1504,0.12262807041406631,-2.0985993223555144
Text_20,Луч солнца золотого,6,ст,18362,0.0011100835399702191,-6.803320005255447
Text_20,Луч солнца золотого,7,ек,14949,0.02078225277364254,-3.8736558885209202
Text_20,Луч солнца золотого,8,ля,13695,0.015787944197654724,-4.148508655666202
Text_20,Луч солнца золотого,9,нные,133811,0.0013763776514679193,-6.5883001211184835
Text_20,Луч солнца золотого,10,ок,71564,0.002555243670940399,-5.969607689642845
Text_20,Луч солнца золотого,11,на,14191,0.24086077511310577,-1.4235362090485886
Text_20,Луч солнца золотого,12,были,129482,0.2568317651748657,-1.3593340186522633
Text_20,Луч солнца золотого,13,очень,128632,0.011848688125610352,-4.435538124228985
Text_20,Луч солнца золотого,14,дорог,131488,0.007659426424652338,-4.871818177321438
Text_20,Луч солнца золотого,15,ими,125796,0.4522480368614197,-0.7935244955422022
Text_20,Луч солнца золотого,16,и,7587,0.09319423139095306,-2.3730694541530184
Text_20,Луч солнца золотого,17,позвол,142224,0.0004576522624120116,-7.689400914603672
Text_20,Луч солнца золотого,18,ить,17787,0.00010453532013343647,-9.165985551958212
Text_20,Луч солнца золотого,19,себе,130688,0.009383121505379677,-4.668842788234497
Text_20,Луч солнца золотого,20,их,128488,0.0031848293729126453,-5.749356563476987
Text_20,Луч солнца золотого,21,установ,133837,0.002873245859518647,-5.852312926761029
Text_20,Луч солнца золотого,22,ку,35252,0.025763295590877533,-3.6588044515004197
Text_20,Луч солнца золотого,23,мог,125649,0.02309241332113743,-3.7682511430549517
Text_20,Луч солнца золотого,24,ли,11073,0.053594570606946945,-2.926307510682542
Text_20,Луч солнца золотого,25,только,73626,0.0835840180516243,-2.481902948798395
Text_20,Луч солнца золотого,26,бог,137887,0.015625325962901115,-4.158862221951601
Text_20,Луч солнца золотого,27,ат,7972,0.6333860754966736,-0.4566751288630492
Text_20,Луч солнца золотого,28,ые,50636,0.37941646575927734,-0.9691208229520059
Text_20,Луч солнца золотого,29,люди,132782,0.2592925727367401,-1.349798230362059
Text_20,Луч солнца золотого,30,.,13,0.6255691051483154,-0.4690934753241988
Text_20,Луч солнца золотого,31,Поэтому,133841,0.014421648345887661,-4.239024843957242
Text_20,Луч солнца золотого,32,англий,141022,6.724210834363475e-05,-9.607210894418188
Text_20,Луч солнца золотого,33,ский,126302,0.4272848665714264,-0.850304353361331
Text_20,Луч солнца золотого,34,кор,66869,0.05632474273443222,-2.8766213601943273
Text_20,Луч солнца золотого,35,оль,17025,0.6207280158996582,-0.47686227060616665
Text_20,Луч солнца золотого,36,У,58742,0.011221791617572308,-4.48989771092465
Text_20,Луч солнца золотого,37,иль,66502,0.28665784001350403,-1.2494659695273025
Text_20,Луч солнца золотого,38,ям,129533,0.9081552028656006,-0.09633998672133547
Text_20,Луч солнца золотого,39,III,14429,0.007108502555638552,-4.946463668369904
Text_20,Луч солнца золотого,40,в,5805,0.04400701820850372,-3.1234061530446833
Text_20,Луч солнца золотого,41,,220,0.40548375248908997,-0.9026744740738214
Text_20,Луч солнца золотого,42,1,16,0.9820811152458191,-0.01808137195571656
Text_20,Луч солнца золотого,43,6,21,0.33779585361480713,-1.0853135493587063
Text_20,Луч солнца золотого,44,9,24,0.08854901790618896,-2.424199005653997
Text_20,Луч солнца золотого,45,6,21,0.07588384300470352,-2.5785514893793358
Text_20,Луч солнца золотого,46,году,129257,0.9239038228988647,-0.07914730052975234
Text_20,Луч солнца золотого,47,в,5805,0.03968137875199318,-3.2268732503950983
Text_20,Луч солнца золотого,48,в,5474,0.0022293536458164454,-6.106043580448629
Text_20,Луч солнца золотого,49,ё,44022,0.38829877972602844,-0.9459801848556124
Text_20,Луч солнца золотого,50,л,3038,0.9477139115333557,-0.0537026033551477
Text_20,Луч солнца золотого,51,налог,139674,0.0019770581275224686,-6.226145333342997
Text_20,Луч солнца золотого,52,на,13073,0.23869292438030243,-1.4325773883879538
Text_20,Луч солнца золотого,53,ок,71564,0.046092331409454346,-3.0771086896832087
Text_20,Луч солнца золотого,54,на,14191,0.6640830636024475,-0.40934804154271015
Text_20,Луч солнца золотого,55,.,13,0.11268855631351471,-2.183127404232122
Text_20,Луч солнца золотого,56,По,126206,0.02418624237179756,-3.7219713045083633
Text_20,Луч солнца золотого,57,су,128975,0.013779392465949059,-4.284581102470924
Text_20,Луч солнца золотого,58,ти,22496,0.8611416220664978,-0.14949630252144172
Text_20,Луч солнца золотого,59,",",11,0.22516405582427979,-1.4909260054721556
Text_20,Луч солнца золотого,60,этот,129863,0.016470275819301605,-4.106197988162831
Text_20,Луч солнца золотого,61,налог,139674,0.6519642472267151,-0.4277655541008554
Text_20,Луч солнца золотого,62,был,128897,0.06709566712379456,-2.701635810505332
Text_20,Луч солнца золотого,63,налог,139674,0.001594055793248117,-6.441473697188957
Text_20,Луч солнца золотого,64,ом,12228,0.929652214050293,-0.07294472616336216
Text_20,Луч солнца золотого,65,на,13073,0.33077678084373474,-1.1063115092158848
Text_20,Луч солнца золотого,66,бог,137887,0.0031411165837198496,-5.763176942361858
Text_20,Луч солнца золотого,67,ат,7972,0.9712292551994324,-0.029192736396407022
Text_20,Луч солнца золотого,68,ство,126293,0.6105713248252869,-0.4933601620748417
Text_20,Луч солнца золотого,69,.,13,0.18727527558803558,-1.6751756825805342
Text_20,Луч солнца золотого,70,Пре,134004,8.995636744657531e-05,-9.31618581133967
Text_20,Луч солнца золотого,71,им,16104,0.6855254173278809,-0.3775697021436279
Text_20,Луч солнца золотого,72,уществ,85530,0.9210330843925476,-0.08225932112169565
Text_20,Луч солнца золотого,73,ом,12228,0.04925194010138512,-3.0108065192183946
Text_20,Луч солнца золотого,74,этого,128866,0.13920310139656067,-1.9718212511823106
Text_20,Луч солнца золотого,75,сбор,134005,0.00032307120272889733,-8.037637817150229
Text_20,Луч солнца золотого,76,а,1478,0.6489148139953613,-0.4324538282191434
Text_20,Луч солнца золотого,77,было,128656,0.4680713415145874,-0.7591345555484207
Text_20,Луч солнца золотого,78,то,58246,0.05188874155282974,-2.95865343810645
Text_20,Луч солнца золотого,79,",",11,0.9811410903930664,-0.019039006727665755
Text_20,Луч солнца золотого,80,что,47389,0.9897459745407104,-0.010306960151719878
Text_20,Луч солнца золотого,81,ок,71564,0.003607287537306547,-5.62479916376813
Text_20,Луч солнца золотого,82,на,14191,0.8523809313774109,-0.15972174951774032
Text_20,Луч солнца золотого,83,невозможно,142325,1.502600935054943e-05,-11.105727901726175
Text_20,Луч солнца золотого,84,было,128656,0.006722467485815287,-5.002300006453957
Text_20,Луч солнца золотого,85,у,13932,0.044638730585575104,-3.109153398016479
Text_20,Луч солнца золотого,86,та,43513,0.0016755181131884456,-6.391632840228545
Text_20,Луч солнца золотого,87,ить,17787,0.024653637781739235,-3.7028308120294
Text_20,Луч солнца золотого,88,от,20264,0.015089656226336956,-4.193745788016757
Text_20,Луч солнца золотого,89,власти,138921,6.548913370352238e-05,-9.633626326741753
Text_20,Луч солнца золотого,90,",",11,0.1579233855009079,-1.8456452654511
Text_20,Луч солнца золотого,91,в,5805,0.014455409720540047,-4.236686559360699
Text_20,Луч солнца золотого,92,отлич,127888,0.005278428550809622,-5.244126848515191
Text_20,Луч солнца золотого,93,ие,49206,0.8921129703521729,-0.11416250604448089
Text_20,Луч солнца золотого,94,от,20264,0.9554654359817505,-0.04555668970622551
Text_20,Луч солнца золотого,95,доход,136937,0.0015009434428066015,-6.501661406716524
Text_20,Луч солнца золотого,96,а,1478,0.3886655271053314,-0.9450361327200985
Text_20,Луч солнца золотого,97,;,26,0.0013435472501441836,-6.6124419610860095
Text_20,Луч солнца золотого,98,поэтому,131603,0.010649463161826134,-4.542245795437465
Text_20,Луч солнца золотого,99,в,5805,0.019811252132058144,-3.9215052131990875
Text_20,Луч солнца золотого,100,течение,133945,0.003435947000980377,-5.6734626996064526
Text_20,Луч солнца золотого,101,века,141627,0.002111612819135189,-6.160303254217181
Text_20,Луч солнца золотого,102,налог,139674,0.00380043126642704,-5.572640727524422
Text_20,Луч солнца золотого,103,пов,94934,0.0005618109717033803,-7.484345113930932
Text_20,Луч солнца золотого,104,ыш,128000,0.5312679409980774,-0.632488788023249
Text_20,Луч солнца золотого,105,ал,15952,0.9701581001281738,-0.03029623094324697
Text_20,Луч солнца золотого,106,ся,20562,0.9524044394493103,-0.04876550305174405
Text_20,Луч солнца золотого,107,ш,54517,0.00022874023125041276,-8.382923559636753
Text_20,Луч солнца золотого,108,есть,137135,0.20766060054302216,-1.5718502601577113
Text_20,Луч солнца золотого,109,раз,38379,0.4031126797199249,-0.9085391538341955
Text_20,Луч солнца золотого,110,.,13,0.2744045853614807,-1.2931516727690027
Text_20,Луч солнца золотого,111,В,22933,0.17679162323474884,-1.732783509795011
Text_20,Луч солнца золотого,112,ведение,135460,1.977246574824676e-05,-10.831220206846828
Text_20,Луч солнца золотого,113,налог,139674,0.21606789529323578,-1.5321625906280392
Text_20,Луч солнца золотого,114,а,1478,0.8884754776954651,-0.11824823143576514
Text_20,Луч солнца золотого,115,пр,12281,0.02116354927420616,-3.855474950982088
Text_20,Луч солнца золотого,116,ив,26991,0.9228132963180542,-0.08032834411918344
Text_20,Луч солнца золотого,117,ело,132339,0.6015205979347229,-0.508294499873222
Text_20,Луч солнца золотого,118,к,7665,0.8557482957839966,-0.15577899306199763
Text_20,Луч солнца золотого,119,несколь,141497,5.420585148385726e-05,-9.822721694389262
Text_20,Луч солнца золотого,120,к,4793,0.9889180064201355,-0.011143856337092695
Text_20,Луч солнца золотого,121,им,16104,0.9821233153343201,-0.018038402814775357
Text_20,Луч солнца золотого,122,интерес,129611,0.0014233557740226388,-6.554737974241748
Text_20,Луч солнца золотого,123,ным,125439,0.45918574929237366,-0.7783004682293011
Text_20,Луч солнца золотого,124,послед,90567,0.20640914142131805,-1.5778949565235276
Text_20,Луч солнца золотого,125,ств,20200,0.9631873965263367,-0.03750728951491672
Text_20,Луч солнца золотого,126,ия,39131,0.9994117021560669,-0.000588470959008507
Text_20,Луч солнца золотого,127,м,6442,0.98372882604599,-0.016405003196531032
Text_20,Луч солнца золотого,128,",",11,0.17739102244377136,-1.7293988166793564
Text_20,Луч солнца золотого,129,пом,75301,0.0010582139948382974,-6.851172702446278
Text_20,Луч солнца золотого,130,им,16104,0.8694998025894165,-0.13983717222702408
Text_20,Луч солнца золотого,131,о,1456,0.9883550405502319,-0.011713293002381126
Text_20,Луч солнца золотого,132,собственно,133620,2.3428631266142474e-06,-12.96413681815003
Text_20,Луч солнца золотого,133,нап,90005,0.00035521876998245716,-7.942776704823344
Text_20,Луч солнца золотого,134,олн,46580,0.0682237520813942,-2.6849625037767995
Text_20,Луч солнца золотого,135,ения,18492,0.7046287655830383,-0.35008418849953715
Text_20,Луч солнца золотого,136,каз,131046,0.0006160431657917798,-7.392193522548541
Text_20,Луч солнца золотого,137,ны,12368,0.003468124894425273,-5.664141207325551
Text_20,Луч солнца золотого,138,.,13,0.1947896033525467,-1.635835260078129
Text_20,Луч солнца золотого,139,Во,129307,0.03534982353448868,-3.342461878604245
Text_20,Луч солнца золотого,140,-,12,0.43256908655166626,-0.8380132276751957
Text_20,Луч солнца золотого,141,первых,139771,0.9530494809150696,-0.04808845546375918
Text_20,Луч солнца золотого,142,",",11,0.9736685156822205,-0.02668436624114515
Text_20,Луч солнца золотого,143,поскольку,138729,0.0002663858176674694,-8.230564857699152
Text_20,Луч солнца золотого,144,из,23064,0.0033603243064135313,-5.695717789898825
Text_20,Луч солнца золотого,145,держ,125177,0.009058721363544464,-4.704027298738608
Text_20,Луч солнца золотого,146,ки,16748,0.2630155682563782,-1.3355420536651492
Text_20,Луч солнца золотого,147,содерж,79495,0.0008749788976274431,-7.041310788894687
Text_20,Луч солнца золотого,148,ания,38180,0.17092882096767426,-1.7665080607872716
Text_20,Луч солнца золотого,149,ок,71564,0.5798562169075012,-0.5449751080580418
Text_20,Луч солнца золотого,150,он,17316,0.0038011446595191956,-5.572453031420035
Text_20,Луч солнца золотого,151,вы,20811,0.010149283334612846,-4.590352183414468
Text_20,Луч солнца золотого,152,рос,40957,0.13016018271446228,-2.0389894123041907
Text_20,Луч солнца золотого,153,ли,11073,0.7871371507644653,-0.23935277539929825
Text_20,Луч солнца золотого,154,",",11,0.6583040356636047,-0.41808839409476417
Text_20,Луч солнца золотого,155,часть,131964,0.0009341586264781654,-6.975864298526142
Text_20,Луч солнца золотого,156,людей,131007,0.0064975847490131855,-5.036324748207307
Text_20,Луч солнца золотого,157,от,20264,0.019505761563777924,-3.937045392244442
Text_20,Луч солнца золотого,158,них,129690,0.0009361407137475908,-6.973744757585468
Text_20,Луч солнца золотого,159,от,20264,0.009258917532861233,-4.682168134256266
Text_20,Луч солнца золотого,160,казал,126031,0.030788324773311615,-3.4806197266677814
Text_20,Луч солнца золотого,161,ас,17953,0.8397166132926941,-0.17469080919293992
Text_20,Луч солнца золотого,162,ь,4824,0.9943543672561646,-0.005661629564904144
Text_20,Луч солнца золотого,163,",",11,0.09725421667098999,-2.3304269383388294
Text_20,Луч солнца золотого,164,что,47389,0.17961077392101288,-1.7169631364889235
Text_20,Луч солнца золотого,165,пр,12281,0.020793672651052475,-3.8731065380215397
Text_20,Луч солнца золотого,166,ив,26991,0.8037741184234619,-0.21843699651073847
Text_20,Луч солнца золотого,167,ело,132339,0.3665112257003784,-1.003726128655531
Text_20,Луч солнца золотого,168,к,7665,0.9358612298965454,-0.06628807215348312
Text_20,Луч солнца золотого,169,поя,134484,0.0007887859246693552,-7.145015598814067
Text_20,Луч солнца золотого,170,вл,124991,0.987600564956665,-0.012476949461190127
Text_20,Луч солнца золотого,171,ению,130201,0.9967513084411621,-0.003253980014072891
Text_20,Луч солнца золотого,172,дом,126711,0.0007255555829033256,-7.228572875337838
Text_20,Луч солнца золотого,173,ов,6715,0.1254015564918518,-2.0762342386446235
Text_20,Луч солнца золотого,174,с,5409,0.04198458790779114,-3.170452682619476
Text_20,Луч солнца золотого,175,минималь,143857,0.00011791313590947539,-9.045562340940402
Text_20,Луч солнца золотого,176,ным,125439,0.33148834109306335,-1.104162640131376
Text_20,Луч солнца золотого,177,кол,50448,0.023927297443151474,-3.732735319371421
Text_20,Луч солнца золотого,178,ич,32982,0.9870742559432983,-0.013010008393485088
Text_20,Луч солнца золотого,179,еств,33934,0.9964185953140259,-0.0035878332692316052
Text_20,Луч солнца золотого,180,ом,12228,0.9955235719680786,-0.004486477236792808
Text_20,Луч солнца золотого,181,ок,71564,0.11806030571460724,-2.1365597196878774
Text_20,Луч солнца золотого,182,он,17316,0.9060715436935425,-0.09863700950768765
Text_20,Луч солнца золотого,183,.,13,0.4481174349784851,-0.8026999492692454
Text_20,Луч солнца золотого,184,В,22933,0.1968180537223816,-1.6254755621772943
Text_20,Луч солнца золотого,185,таких,133360,1.2182349564682227e-05,-11.315522410781723
Text_20,Луч солнца золотого,186,дом,126711,0.8020572662353516,-0.2205752693813063
Text_20,Луч солнца золотого,187,ах,126202,0.9799342751502991,-0.020269775739720008
Text_20,Луч солнца золотого,188,все,43993,0.0015860387356951833,-6.4465157325524824
Text_20,Луч солнца золотого,189,время,91778,0.0015431704232469201,-6.47391626241508
Text_20,Луч солнца золотого,190,ст,18362,0.002138577401638031,-6.147614436592699
Text_20,Луч солнца золотого,191,оя,60290,0.022817565128207207,-3.7802246392678067
Text_20,Луч солнца золотого,192,л,3038,0.16184698045253754,-1.8211039552402812
Text_20,Луч солнца золотого,193,м,11310,0.015207789838314056,-4.185947493044963
Text_20,Луч солнца золотого,194,рак,124956,0.002281949855387211,-6.08272500175949
Text_20,Луч солнца золотого,195,-,481,0.00665252422913909,-5.012758913008715
Text_20,Луч солнца золотого,196,что,47389,0.014973570592701435,-4.201468592444627
Text_20,Луч солнца золотого,197,выз,96666,0.0005879324162378907,-7.438898555042502
Text_20,Луч солнца золотого,198,ыв,34567,0.05795935541391373,-2.8480132828145175
Text_20,Луч солнца золотого,199,ал,15952,0.964743435382843,-0.03589308306245657
Text_20,Луч солнца золотого,200,о,1456,0.24514319002628326,-1.4059127900743909
Text_20,Луч солнца золотого,201,сыр,142195,7.420241672662087e-06,-11.811298930875756
Text_20,Луч солнца золотого,202,ость,96647,0.15593238174915314,-1.8583328160252883
Text_20,Луч солнца золотого,203,",",11,0.07198058813810349,-2.6313588055101813
Text_20,Луч солнца золотого,204,раз,38379,0.001335431938059628,-6.618500490352314
Text_20,Луч солнца золотого,205,м,6442,0.011593552306294441,-4.457306171068
Text_20,Луч солнца золотого,206,н,2108,0.20211760699748993,-1.598905538142222
Text_20,Луч солнца золотого,207,ож,21259,0.942258894443512,-0.05947520730023337
Text_20,Луч солнца золотого,208,ение,17175,0.4730774760246277,-0.748496106811247
Text_20,Луч солнца золотого,209,г,24725,0.0023851844016462564,-6.038478840378558
Text_20,Луч солнца золотого,210,ри,30103,0.025771576911211014,-3.658483064447238
Text_20,Луч солнца золотого,211,б,9923,0.35859063267707825,-1.025573840079008
Text_20,Луч солнца золотого,212,ка,13132,0.00014345809177029878,-8.849467608830132
Text_20,Луч солнца золотого,213,и,7587,0.20687612891197205,-1.575635075889399
Text_20,Луч солнца золотого,214,бол,128713,0.0016183831030502915,-6.426327712692743
Text_20,Луч солнца золотого,215,ез,31885,0.5648010969161987,-0.5712816506729108
Text_20,Луч солнца золотого,216,ни,22621,0.5653414130210876,-0.5703254595000178
Text_20,Луч солнца золотого,217,.,13,0.5916881561279297,-0.5247755461840745
Text_20,Луч солнца золотого,218,Во,129307,0.25320005416870117,-1.3735753747757202
Text_20,Луч солнца золотого,219,-,12,0.9872016906738281,-0.012880913237435477
Text_20,Луч солнца золотого,220,в,5474,0.9792087078094482,-0.02101047448435916
Text_20,Луч солнца золотого,221,тор,36673,0.9960854053497314,-0.0039222767306139805
Text_20,Луч солнца золотого,222,ых,62133,0.9961750507354736,-0.0038322830899442835
Text_20,Луч солнца золотого,223,",",11,0.8605989217758179,-0.15012671145337284
Text_20,Луч солнца золотого,224,у,13932,0.018516244366765022,-3.9891068583000155
Text_20,Луч солнца золотого,225,пал,131637,0.00017752079293131828,-8.636422812634509
Text_20,Луч солнца золотого,226,сп,83614,0.0008804265526123345,-7.035104049052616
Text_20,Луч солнца золотого,227,рос,40957,0.09928484261035919,-2.309762361975206
Text_20,Луч солнца золотого,228,на,13073,0.8175941705703735,-0.2013891894867189
Text_20,Луч солнца золотого,229,ст,18362,0.019006866961717606,-3.962954946074056
Text_20,Луч солнца золотого,230,ек,14949,0.99000483751297,-0.010045449488702398
Text_20,Луч солнца золотого,231,ло,38765,0.052878543734550476,-2.9397576228770945
Text_20,Луч солнца золотого,232,-,481,0.07210154086351395,-2.6296798637196783
Text_20,Луч солнца золотого,233,что,47389,0.11000680178403854,-2.207213080701038
Text_20,Луч солнца золотого,234,уд,127189,0.00014160873251967132,-8.86244270826953
Text_20,Луч солнца золотого,235,ари,125947,0.0007549962028861046,-7.188797838017824
Text_20,Луч солнца золотого,236,ло,38765,0.7949917316436768,-0.22942356483009552
Text_20,Луч солнца золотого,237,по,17686,0.012986757792532444,-4.343825072021749
Text_20,Луч солнца золотого,238,развит,127416,6.89509543008171e-05,-9.582115113344786
Text_20,Луч солнца золотого,239,ию,128537,0.6785984039306641,-0.3877257786379208
Text_20,Луч солнца золотого,240,этой,129892,0.001060445443727076,-6.849066229198826
Text_20,Луч солнца золотого,241,от,20264,0.07647950202226639,-2.5707325214753256
Text_20,Луч солнца золотого,242,рас,125286,0.9891700148582458,-0.01088905631124661
Text_20,Луч солнца золотого,243,ли,11073,0.9719854593276978,-0.028414434172998604
Text_20,Луч солнца золотого,244,.,13,0.4755881428718567,-0.7432030453596863
Text_20,Луч солнца золотого,245,Во,129307,0.05067224055528641,-2.982377041895132
Text_20,Луч солнца золотого,246,-,12,0.9618292450904846,-0.03891834397734437
Text_20,Луч солнца золотого,247,тр,128635,0.4516768753528595,-0.7947882323346191
Text_20,Луч солнца золотого,248,еть,125274,0.04404028132557869,-3.1226505791921415
Text_20,Луч солнца золотого,249,их,66645,0.8004859685897827,-0.2225362750065696
Text_20,Луч солнца золотого,250,",",11,0.8962061405181885,-0.10958482492606406
Text_20,Луч солнца золотого,251,с,5409,0.018225952982902527,-4.004908712583288
Text_20,Луч солнца золотого,252,работ,66086,0.0006642754306085408,-7.316813689362362
Text_20,Луч солнца золотого,253,ал,15952,0.28188011050224304,-1.26627343850465
Text_20,Луч солнца золотого,254,«,12486,0.000529206998180598,-7.5441309017357066
Text_20,Луч солнца золотого,255,эффект,134785,4.4431017158785835e-05,-10.021572747765436
Text_20,Луч солнца золотого,256,пр,12281,0.009768322110176086,-4.628610566655179
Text_20,Луч солнца золотого,257,ести,88238,0.001029566046781838,-6.87861787932223
Text_20,Луч солнца золотого,258,ж,16964,0.9172824621200562,-0.08633982567245713
Text_20,Луч солнца золотого,259,ных,43686,0.08628199249505997,-2.450134364368302
Text_20,Луч солнца золотого,260,товаров,140659,0.0002441165706841275,-8.31786469805121
Text_20,Луч солнца золотого,261,».,74508,0.15345174074172974,-1.874369153948609
Text_20,Луч солнца золотого,262,Т,50318,0.00940024945884943,-4.667019051882838
Text_20,Луч солнца золотого,263,.,13,0.002713526599109173,-5.90950616199949
Text_20,Луч солнца золотого,264,е,1504,0.07600226253271103,-2.576992168971678
Text_20,Луч солнца золотого,265,.,13,0.9266312122344971,-0.07619962187610357
Text_20,Луч солнца золотого,266,бог,137887,0.0027009749319404364,-5.914142485243814
Text_20,Луч солнца золотого,267,ат,7972,0.973447859287262,-0.026911015658447234
Text_20,Луч солнца золотого,268,ые,50636,0.12311013787984848,-2.0946758943504644
Text_20,Луч солнца золотого,269,а,20396,0.00045310446876101196,-7.699387843702404
Text_20,Луч солнца золотого,270,рист,127627,0.009744968265295029,-4.631004202539457
Text_20,Луч солнца золотого,271,ок,14746,0.7163408398628235,-0.33359919196144555
Text_20,Луч солнца золотого,272,рат,80559,0.8765363693237305,-0.1317770816725302
Text_20,Луч солнца золотого,273,ы,4552,0.6862285733222961,-0.37654450949130996
Text_20,Луч солнца золотого,274,",",11,0.17661689221858978,-1.7337723429597833
Text_20,Луч солнца золотого,275,стар,129511,0.0016821845201775432,-6.387662020607903
Text_20,Луч солнца золотого,276,ая,35397,0.028179915621876717,-3.5691457667717024
Text_20,Луч солнца золотого,277,сь,124686,0.3371069133281708,-1.0873551487110285
Text_20,Луч солнца золотого,278,под,39742,0.02200351096689701,-3.816553248952446
Text_20,Луч солнца золотого,279,чер,129492,0.005593386013060808,-5.186170448349077
Text_20,Луч солнца золотого,280,к,4793,0.8961522579193115,-0.1096449497302775
Text_20,Луч солнца золотого,281,нуть,130665,0.95920330286026,-0.04165223192586595
Text_20,Луч солнца золотого,282,свой,130210,0.03384971618652344,-3.385824664104396
Text_20,Луч солнца золотого,283,ст,18362,0.01216103881597519,-4.409517977147632
Text_20,Луч солнца золотого,284,ат,7972,0.021237073466181755,-3.8520068761795687
Text_20,Луч солнца золотого,285,ус,43055,0.9200882911682129,-0.08328564488264745
Text_20,Луч солнца золотого,286,",",11,0.38014790415763855,-0.967194880521262
Text_20,Луч солнца золотого,287,специально,136430,4.0404342144029215e-05,-10.116573299959999
Text_20,Луч солнца золотого,288,увели,136325,0.0016145752742886543,-6.4286833449515015
Text_20,Луч солнца золотого,289,чив,135236,0.4126448631286621,-0.8851679515156268
Text_20,Луч солнца золотого,290,али,47255,0.6660560369491577,-0.40638147241798256
Text_20,Луч солнца золотого,291,количество,88601,0.017146658152341843,-4.065951984279608
Text_20,Луч солнца золотого,292,ок,71564,0.1960136443376541,-1.6295710082069366
Text_20,Луч солнца золотого,293,он,17316,0.98275226354599,-0.01739821140529255
Text_20,Луч солнца золотого,294,в,5805,0.18360979855060577,-1.694942433207808
Text_20,Луч солнца золотого,295,своих,132393,0.4079347848892212,-0.8966479583116939
Text_20,Луч солнца золотого,296,дом,126711,0.6074873208999634,-0.49842397493179713
Text_20,Луч солнца золотого,297,ах,126202,0.9894333481788635,-0.01062287529984038
Text_20,Луч солнца золотого,298,и,7587,0.07397089153528214,-2.604083620794697
Text_20,Луч солнца золотого,299,зам,127912,0.0033015315420925617,-5.713368814508086
Text_20,Луч солнца золотого,300,ках,127001,0.00013263500295579433,-8.927909541021927
Text_20,Луч солнца золотого,301,и,7587,0.026132207363843918,-3.6445867267892913
Text_20,Луч солнца золотого,302,даже,129128,0.03964689001441002,-3.2277427699318904
Text_20,Луч солнца золотого,303,дел,94269,0.009192530065774918,-4.689364074108863
Text_20,Луч солнца золотого,304,али,47255,0.9387592673301697,-0.06319620396299204
Text_20,Луч солнца золотого,305,спе,136429,0.001373193459585309,-6.590616259292379
Text_20,Луч солнца золотого,306,ци,15107,0.9905927777290344,-0.009451749659105911
Text_20,Луч солнца золотого,307,альные,131299,0.5986953377723694,-0.5130024283329147
Text_20,Луч солнца золотого,308,над,126939,0.0006681593367829919,-7.310983884752686
Text_20,Луч солнца золотого,309,строй,76811,0.00024432630743831396,-8.317005900527604
Text_20,Луч солнца золотого,310,ки,16748,0.6653329730033875,-0.40746765235705906
Text_20,Луч солнца золотого,311,с,5409,0.004964523017406464,-5.305438055101643
Text_20,Луч солнца золотого,312,ок,71564,0.026553645730018616,-3.628588225089531
Text_20,Луч солнца золотого,313,н,2108,0.026139214634895325,-3.644318615809125
Text_20,Луч солнца золотого,314,ами,49707,0.992020308971405,-0.008011699153395726
Text_20,Луч солнца золотого,315,.,13,0.34807121753692627,-1.0553481720506117
